[{"answer_type": "yes/no", "img_id": "COCO_train2014_000000393221", "label": {"yes": 1}, "question_id": 393221001, "question_type": "is there", "sent": "Is there snow on the mountains?", "caption": "A plane darts across a bright blue sky behind a mountain covered in snow"}, {"answer_type": "yes/no", "img_id": "COCO_train2014_000000305853", "label": {"no": 0.3, "yes": 1}, "question_id": 305853001, "question_type": "is there", "sent": "Is there more than one vase on the table?", "caption": "A vase of flowers and a larger vase filled with origami."}, {"answer_type": "yes/no", "img_id": "COCO_train2014_000000262273", "label": {"yes": 1}, "question_id": 262273001, "question_type": "is there", "sent": "Is there snow?", "caption": "Man dressed in dark attire, skiing, probably cross county level terrain and snow covered."}, {"answer_type": "yes/no", "img_id": "COCO_train2014_000000393396", "label": {"yes": 1}, "question_id": 393396002, "question_type": "is there", "sent": "Is there snow in the picture?", "caption": "A church tower view with a snow covered mountain behind it."}, {"answer_type": "yes/no", "img_id": "COCO_train2014_000000131299", "label": {"yes": 1}, "question_id": 131299001, "question_type": "is there", "sent": "Is there snow on the ground?", "caption": "a man laying his ski equipment out on the snow"}, {"answer_type": "yes/no", "img_id": "COCO_train2014_000000393488", "label": {"yes": 1}, "question_id": 393488003, "question_type": "is there", "sent": "Is there meat on the plate?", "caption": "A white plate topped with chicken and vegetables."}, {"answer_type": "yes/no", "img_id": "COCO_train2014_000000131366", "label": {"yes": 1}, "question_id": 131366019, "question_type": "is there", "sent": "Is there any females?", "caption": "Four women equipped with tennis rackets and attire. "}, {"answer_type": "yes/no", "img_id": "COCO_train2014_000000524724", "label": {"yes": 1}, "question_id": 524724001, "question_type": "is there", "sent": "Is there where I go if I need to pee?", "caption": "A small toilet with a green door and window."}, {"answer_type": "yes/no", "img_id": "COCO_train2014_000000401561", "label": {"4": 0.3, "yes": 1}, "question_id": 401561001, "question_type": "is there", "sent": "Is there more than one animal in the picture?", "caption": "Giraffes and zebras grazing in their natural environment"}, {"answer_type": "yes/no", "img_id": "COCO_train2014_000000475765", "label": {"no": 0.3, "yes": 1}, "question_id": 475765002, "question_type": "is there", "sent": "Is there water?", "caption": "A man walks away from the ocean after a good day of surfing"}, {"answer_type": "yes/no", "img_id": "COCO_train2014_000000113513", "label": {"yes": 1}, "question_id": 113513000, "question_type": "is there", "sent": "Is there any cheddar cheese on the pizza?", "caption": "there is a small pizza with cheese an potatoes on it"}, {"answer_type": "yes/no", "img_id": "COCO_train2014_000000263271", "label": {"yes": 1}, "question_id": 263271005, "question_type": "is there", "sent": "Is there ketchup on the plate?", "caption": "some French fries ketchup and some chicken sandwich and a drink"}, {"answer_type": "yes/no", "img_id": "COCO_train2014_000000415275", "label": {"yes": 1}, "question_id": 415275000, "question_type": "is there", "sent": "Is there organic food in this store?", "caption": "Some vegetables are on display in the store."}, {"answer_type": "yes/no", "img_id": "COCO_train2014_000000132420", "label": {"yes": 1}, "question_id": 132420001, "question_type": "is there", "sent": "Is there birds in this photo?", "caption": "A dog at the beach with seagulls flying in the background."}, {"answer_type": "yes/no", "img_id": "COCO_train2014_000000284247", "label": {"airplane": 0.3, "bird": 0.3, "yes": 1}, "question_id": 284247002, "question_type": "is there", "sent": "Is there anything in the sky?", "caption": "A blue sky, a few wispy clouds, and an airplane high in the sky."}, {"answer_type": "yes/no", "img_id": "COCO_train2014_000000284259", "label": {"yes": 1}, "question_id": 284259000, "question_type": "is there", "sent": "Is there any bread in the picture?", "caption": "A plate with different vegetables and bread on it."}, {"answer_type": "yes/no", "img_id": "COCO_train2014_000000502719", "label": {"yes": 1}, "question_id": 502719001, "question_type": "is there", "sent": "Is there more than one track?", "caption": "Red, white and blue train going down multiple tracks."}, {"answer_type": "yes/no", "img_id": "COCO_train2014_000000263859", "label": {"yes": 1}, "question_id": 263859000, "question_type": "is there", "sent": "Is there water?", "caption": "A bird flies over the water while elephants graze in the grass."}, {"answer_type": "yes/no", "img_id": "COCO_train2014_000000263970", "label": {"yes": 1}, "question_id": 263970001, "question_type": "is there", "sent": "Is there snow?", "caption": "A man from front smiling and looking at camera, wearing a backpack with skis, and holding ski poles, standing on snowy incline in the evening."}, {"answer_type": "yes/no", "img_id": "COCO_train2014_000000264079", "label": {"yes": 1}, "question_id": 264079000, "question_type": "is there", "sent": "Is there broccoli?", "caption": "A clear blue bowl filled with rice, tofu and broccoli."}, {"answer_type": "other", "img_id": "COCO_train2014_000000526225", "label": {"sleeping": 1}, "question_id": 526225000, "question_type": "what is the", "sent": "What is the cat doing?", "caption": "A cat sleeping in a bag on the floor."}, {"answer_type": "other", "img_id": "COCO_train2014_000000526225", "label": {"resting": 0.3, "sleeping": 1}, "question_id": 526225006, "question_type": "what is the", "sent": "What is the cat doing in the picture?", "caption": "A cat sleeping in a bag on the floor."}, {"answer_type": "other", "img_id": "COCO_train2014_000000395155", "label": {"tv": 1}, "question_id": 395155003, "question_type": "what is the", "sent": "What is the cat watching?", "caption": "A fat cat sitting and watching a big screen tv."}, {"answer_type": "other", "img_id": "COCO_train2014_000000526232", "label": {"skateboard": 1, "skateboarding": 0.3}, "question_id": 526232004, "question_type": "what is the", "sent": "What is the young man standing on in the picture?", "caption": "Guy riding his skateboard down the path in the park."}, {"answer_type": "other", "img_id": "COCO_train2014_000000175088", "label": {"donut": 1, "doughnut": 0.3, "pastry": 0.3}, "question_id": 175088001, "question_type": "what is the", "sent": "What is the child eating?", "caption": "a little boy is about to bite into a doughnut ."}, {"answer_type": "other", "img_id": "COCO_train2014_000000393544", "label": {"skateboard": 1}, "question_id": 393544000, "question_type": "what is the", "sent": "What is the boy riding?", "caption": "A young man becomes airborne while riding his skateboard in a half pipe."}, {"answer_type": "other", "img_id": "COCO_train2014_000000395187", "label": {"grass": 1, "hay": 0.3}, "question_id": 395187002, "question_type": "what is the", "sent": "What is the horse eating?", "caption": "A brown horse standing inside a fence eating grass."}, {"answer_type": "other", "img_id": "COCO_train2014_000000326477", "label": {"banana": 0.6, "cantaloupe": 0.3}, "question_id": 326477000, "question_type": "what is the", "sent": "What is the fruit in the bowl?", "caption": "A bowl of assorted fruits including oranges and bananas"}, {"answer_type": "other", "img_id": "COCO_train2014_000000371701", "label": {"skateboard": 1}, "question_id": 371701001, "question_type": "what is the", "sent": "What is the child standing on?", "caption": "a man is doing tricks on a skateboard"}, {"answer_type": "other", "img_id": "COCO_train2014_000000371701", "label": {"skateboard": 1}, "question_id": 371701003, "question_type": "what is the", "sent": "What is the object?", "caption": "A skateboard does a trick on a board on the street."}, {"answer_type": "other", "img_id": "COCO_train2014_000000264158", "label": {"broccoli": 1, "vegetables": 0.3}, "question_id": 264158000, "question_type": "what is the", "sent": "What is the green stuff in the bowl?", "caption": "A plate of noodles, beans, broccoli and an egg roll."}, {"answer_type": "other", "img_id": "COCO_train2014_000000393553", "label": {"bus": 0.9, "van": 1}, "question_id": 393553023, "question_type": "what is the", "sent": "What is the type of transportation being used?", "caption": "Group assembled in parking lot with luggage and loading a large van"}, {"answer_type": "other", "img_id": "COCO_train2014_000000526350", "label": {"wood": 1}, "question_id": 526350000, "question_type": "what is the", "sent": "What is the bench made of?", "caption": "A woman sitting down on a wooden bench."}, {"answer_type": "other", "img_id": "COCO_train2014_000000133151", "label": {"grass": 1}, "question_id": 133151001, "question_type": "what is the", "sent": "What is the dog lying on?", "caption": "Dog with it's tongue out laying on the grass in a lawn."}, {"answer_type": "other", "img_id": "COCO_train2014_000000133167", "label": {"skateboarding": 1}, "question_id": 133167001, "question_type": "what is the", "sent": "What is the kid doing?", "caption": "A boy skateboarding down the street during the day."}, {"answer_type": "other", "img_id": "COCO_train2014_000000133229", "label": {"caucasian": 0.3, "female": 1}, "question_id": 133229002, "question_type": "what is the", "sent": "What is the dominant gender in this photo?", "caption": "Two pretty young girls working together on a computer."}, {"answer_type": "other", "img_id": "COCO_train2014_000000393577", "label": {"cannot tell": 0.3, "unknown": 0.6}, "question_id": 393577004, "question_type": "what is the", "sent": "What is the title of this book?", "caption": "An open book entitled To the Modern American AHomemaker"}, {"answer_type": "other", "img_id": "COCO_train2014_000000371735", "label": {"racket": 1, "racquet": 0.3, "tennis racket": 1, "tennis racquet": 0.3}, "question_id": 371735003, "question_type": "what is the", "sent": "What is the guy holding in his right hand?", "caption": "a tennis player on a court with a racket"}, {"answer_type": "other", "img_id": "COCO_train2014_000000395406", "label": {"kite": 1}, "question_id": 395406002, "question_type": "what is the", "sent": "What is the girl holding?", "caption": "A woman climbing a sandy hill as she holds a kite."}, {"answer_type": "other", "img_id": "COCO_train2014_000000395406", "label": {"hill": 0.6, "kite": 0.3}, "question_id": 395406003, "question_type": "what is the", "sent": "What is the lady walking up?", "caption": "A woman walking up a hill with a kite."}, {"answer_type": "yes/no", "img_id": "COCO_train2014_000000526682", "label": {"yes": 1}, "question_id": 526682012, "question_type": "is", "sent": "Is anyone riding the horse?", "caption": "The young people are riding the horses on the gravel road."}, {"answer_type": "yes/no", "img_id": "COCO_train2014_000000395614", "label": {"yes": 1}, "question_id": 395614000, "question_type": "is", "sent": "Is someone waiting to board the train?", "caption": "a red passenger train sitting next to a platform with people an a sign "}, {"answer_type": "yes/no", "img_id": "COCO_train2014_000000264589", "label": {"yes": 1}, "question_id": 264589000, "question_type": "is", "sent": "Is someone doing skateboard tricks?", "caption": "Several different examples of a skateboarder performing tricks."}, {"answer_type": "yes/no", "img_id": "COCO_train2014_000000264636", "label": {"no": 0.6, "yes": 1}, "question_id": 264636000, "question_type": "is", "sent": "Is everyone holding a paddle?", "caption": "A group of people are using paddles to navigate their surfboards."}, {"answer_type": "other", "img_id": "COCO_train2014_000000395800", "label": {"car": 1, "in car": 0.6}, "question_id": 395800000, "question_type": "is", "sent": "Is animal laying in a car or outdoors?", "caption": "A cat is laying in the back of a car."}, {"answer_type": "yes/no", "img_id": "COCO_train2014_000000526958", "label": {"yes": 1}, "question_id": 526958000, "question_type": "is", "sent": "Is someone sitting on the ground?", "caption": "A person sitting on the ground while watching a plane on the runway."}, {"answer_type": "yes/no", "img_id": "COCO_train2014_000000175238", "label": {"yes": 1}, "question_id": 175238000, "question_type": "is", "sent": "Is anyone getting on the train?", "caption": "people on a platform walking onto a train "}, {"answer_type": "yes/no", "img_id": "COCO_train2014_000000133937", "label": {"yes": 1}, "question_id": 133937003, "question_type": "is", "sent": "Is she wearing a wig?", "caption": "a female wearing a wig and decorative hat and smiling"}, {"answer_type": "yes/no", "img_id": "COCO_train2014_000000396143", "label": {"yes": 1}, "question_id": 396143004, "question_type": "is", "sent": "Is she wearing a bikini?", "caption": "A girl in a bikini walking along a beach."}, {"answer_type": "yes/no", "img_id": "COCO_train2014_000000527342", "label": {"yes": 1}, "question_id": 527342010, "question_type": "is", "sent": "Is one person taller than the other?", "caption": "A tall man and a short woman posing for a picture."}, {"answer_type": "yes/no", "img_id": "COCO_train2014_000000396354", "label": {"yes": 1}, "question_id": 396354004, "question_type": "is", "sent": "Is that real grass?", "caption": "A man walking across the grass, swinging a bat."}, {"answer_type": "other", "img_id": "COCO_train2014_000000265366", "label": {"man": 1}, "question_id": 265366006, "question_type": "is", "sent": "Is a woman or a man holding the umbrella?", "caption": "A man is holding an umbrella and a light saber."}, {"answer_type": "yes/no", "img_id": "COCO_train2014_000000527533", "label": {"yes": 1}, "question_id": 527533001, "question_type": "is", "sent": "Is a pizza slice missing from pizza?", "caption": "Several pizzas with various toppings in pizza boxes, some with pieces missing."}, {"answer_type": "yes/no", "img_id": "COCO_train2014_000000527649", "label": {"yes": 1}, "question_id": 527649002, "question_type": "is", "sent": "Is she talking on the telephone?", "caption": "A young person talking on a telephone while seated at a desk."}, {"answer_type": "yes/no", "img_id": "COCO_train2014_000000396696", "label": {"yes": 1}, "question_id": 396696000, "question_type": "is", "sent": "Is someone camping out in the snow?", "caption": "Someone is camping in a tent in a snowy field"}, {"answer_type": "yes/no", "img_id": "COCO_train2014_000000134605", "label": {"finch": 0.3, "yes": 1}, "question_id": 134605001, "question_type": "is", "sent": "Is that bird sitting on a branch?", "caption": "a bird sitting on top of a tree branch."}, {"answer_type": "yes/no", "img_id": "COCO_train2014_000000265701", "label": {"yes": 1}, "question_id": 265701000, "question_type": "is", "sent": "Is her outfit colorful?", "caption": "A little girl wearing silver shoes and a pink outfit standing in the rain holding a blue umbrella. "}, {"answer_type": "other", "img_id": "COCO_train2014_000000396858", "label": {"pepper": 0.3, "peppers": 0.6, "yes": 1}, "question_id": 396858000, "question_type": "is", "sent": "Is that food the man is cutting up?", "caption": "A man is cutting up red peppers with sheers."}, {"answer_type": "yes/no", "img_id": "COCO_train2014_000000392829", "label": {"yes": 1}, "question_id": 392829002, "question_type": "is", "sent": "Is his shirt blue?", "caption": "A boy in a blue and white shirt playing tennis on a brown tennis court."}, {"answer_type": "other", "img_id": "COCO_train2014_000000175391", "label": {"man": 1, "yes": 0.3}, "question_id": 175391001, "question_type": "is", "sent": "Is a man or woman holding the suitcase?", "caption": "A man is zipping a small boy into a suitcase."}, {"answer_type": "yes/no", "img_id": "COCO_train2014_000000528108", "label": {"yes": 1}, "question_id": 528108001, "question_type": "is the man", "sent": "Is the man holding a tennis racket?", "caption": "A man holds back a tennis racket to swing"}, {"answer_type": "yes/no", "img_id": "COCO_train2014_000000397167", "label": {"no": 0.3, "yes": 1}, "question_id": 397167013, "question_type": "is the man", "sent": "Is the man holding up a phone?", "caption": "Smiling man holding a smart phone in his right hand."}, {"answer_type": "yes/no", "img_id": "COCO_train2014_000000528425", "label": {"yes": 1}, "question_id": 528425002, "question_type": "is the man", "sent": "Is the man shaving a sheep?", "caption": "An elderly man shaving the wool off of a sheep."}, {"answer_type": "yes/no", "img_id": "COCO_train2014_000000397759", "label": {"no": 1, "yes": 0.6}, "question_id": 397759000, "question_type": "is the man", "sent": "Is the man flying?", "caption": "A man flying through the air while riding skis."}, {"answer_type": "yes/no", "img_id": "COCO_train2014_000000398406", "label": {"yes": 1}, "question_id": 398406005, "question_type": "is the man", "sent": "Is the man standing?", "caption": "A man is standing with his hat in his hand next to a car"}, {"answer_type": "yes/no", "img_id": "COCO_train2014_000000398463", "label": {"yes": 1}, "question_id": 398463000, "question_type": "is the man", "sent": "Is the man riding a snowboard?", "caption": "A man riding a snowboard on top of a snow covered slope."}, {"answer_type": "other", "img_id": "COCO_train2014_000000398872", "label": {"sitting": 1}, "question_id": 398872003, "question_type": "is the man", "sent": "Is the man sitting or standing?", "caption": "A young person in a jacket and a cap sitting on a bench."}, {"answer_type": "yes/no", "img_id": "COCO_train2014_000000529956", "label": {"yes": 1}, "question_id": 529956005, "question_type": "is the man", "sent": "Is the man a soldier?", "caption": "a soldier with a backpack standing on a sidewalk next to an armored military vehicle."}, {"answer_type": "other", "img_id": "COCO_train2014_000000399152", "label": {"both": 0.3, "game": 0.6, "no": 0.3, "playing game": 1}, "question_id": 399152004, "question_type": "is the man", "sent": "Is the man playing a game or in the midst of an interpretive dance?", "caption": "The man is playing Frisbee on the beach."}, {"answer_type": "yes/no", "img_id": "COCO_train2014_000000137134", "label": {"no": 1, "yes": 1}, "question_id": 137134001, "question_type": "is the man", "sent": "Is the man flying?", "caption": "A ski-jumper flying through the air at night."}, {"answer_type": "yes/no", "img_id": "COCO_train2014_000000266441", "label": {"yes": 1}, "question_id": 266441002, "question_type": "is the man", "sent": "Is the man falling?", "caption": "A man falls trying to catch a frisbee, while another catches it instead."}, {"answer_type": "yes/no", "img_id": "COCO_train2014_000000569046", "label": {"yes": 1}, "question_id": 569046002, "question_type": "is the man", "sent": "Is the man cutting a cake?", "caption": "A commander cuts a cake at a military function."}, {"answer_type": "yes/no", "img_id": "COCO_train2014_000000225251", "label": {"no": 0.6, "yes": 1}, "question_id": 225251000, "question_type": "is the man", "sent": "Is the man an army?", "caption": "A soldier holding a bag over a crowd of people."}, {"answer_type": "yes/no", "img_id": "COCO_train2014_000000530896", "label": {"no": 0.3, "yes": 1}, "question_id": 530896001, "question_type": "is the man", "sent": "Is the man about to ride his bicycle?", "caption": "The person is walking his bicycle near a metal rack with bikes parked at it."}, {"answer_type": "yes/no", "img_id": "COCO_train2014_000000416167", "label": {"yes": 1}, "question_id": 416167002, "question_type": "is the man", "sent": "Is the man enjoying himself?", "caption": "The snowboarder is posing for the picture with his board while it is snowing. "}, {"answer_type": "yes/no", "img_id": "COCO_train2014_000000137838", "label": {"yes": 1}, "question_id": 137838011, "question_type": "is the man", "sent": "Is the man falling?", "caption": "A surfer is falling off his surfboard in the ocean."}, {"answer_type": "yes/no", "img_id": "COCO_train2014_000000400028", "label": {"yes": 1}, "question_id": 400028002, "question_type": "is the man", "sent": "Is the man wearing glasses?", "caption": "a man in glasses is on a laptop"}, {"answer_type": "other", "img_id": "COCO_train2014_000000269229", "label": {"catching": 1}, "question_id": 269229005, "question_type": "is the man", "sent": "Is the man throwing or catching the ball?", "caption": "A first baseman stretches to catch a ball while the base runner slides to the bag."}, {"answer_type": "yes/no", "img_id": "COCO_train2014_000000138405", "label": {"no": 0.3, "yes": 1}, "question_id": 138405004, "question_type": "is the man", "sent": "Is the man in motion?", "caption": "A man is about to run to base after hitting a baseball."}, {"answer_type": "yes/no", "img_id": "COCO_train2014_000000481829", "label": {"yes": 1}, "question_id": 481829010, "question_type": "is the man", "sent": "Is the man transporting firewood?", "caption": "A man dressed in white sits on a cart filled with sticks pulled by two oxen.,"}]