[{"answer_type": "yes/no", "img_id": "COCO_train2014_000000393224", "label": {"no": 1, "yes": 0.9}, "question_id": 393224002, "question_type": "none of the above", "sent": "Does his tie pair well with his suit?", "caption": "A old man in coat and tie walking down a busy street."}, {"answer_type": "yes/no", "img_id": "COCO_train2014_000000393230", "label": {"no": 1}, "question_id": 393230006, "question_type": "none of the above", "sent": "Did someone forget his luggage in the snow?", "caption": "Someone cross country skiing in their back yard"}, {"answer_type": "yes/no", "img_id": "COCO_train2014_000000262201", "label": {"no": 1, "yes": 0.3}, "question_id": 262201001, "question_type": "none of the above", "sent": "Will the birds go into the water?", "caption": "A small bird sitting on a large rock on a part of a mountain."}, {"answer_type": "other", "img_id": "COCO_train2014_000000262221", "label": {"wilson": 1}, "question_id": 262221001, "question_type": "none of the above", "sent": "Whose logo is on the official's chair?", "caption": "A man sits on a high chair with a W logo on a tennis court."}, {"answer_type": "yes/no", "img_id": "COCO_train2014_000000131160", "label": {"no": 0.6, "yes": 1}, "question_id": 131160001, "question_type": "none of the above", "sent": "Would you be able to find a mosque in this city?", "caption": "Two directional street signs on a pole with a mosque in the background."}, {"answer_type": "yes/no", "img_id": "COCO_train2014_000000393311", "label": {"no": 1, "yes": 0.3}, "question_id": 393311000, "question_type": "none of the above", "sent": "Will these planes be used to transport people?", "caption": "Four Cargo Jet liners parked on a runway strip."}, {"answer_type": "other", "img_id": "COCO_train2014_000000393317", "label": {"urban": 1}, "question_id": 393317005, "question_type": "none of the above", "sent": "Urban or suburban?", "caption": "A city street with cars, pedestrians, and a bus."}, {"answer_type": "other", "img_id": "COCO_train2014_000000262283", "label": {}, "question_id": 262283002, "question_type": "none of the above", "sent": "Where was this shot at?", "caption": "Floral arrangements displayed in floral shop in glass vases."}, {"answer_type": "other", "img_id": "COCO_train2014_000000393384", "label": {"beach": 0.3, "lot": 0.3, "park": 0.3, "parking lot": 1, "road": 0.3}, "question_id": 393384000, "question_type": "none of the above", "sent": "Where was this picture taken?", "caption": "A group of people standing around in a parking lot with a dog and children. "}, {"answer_type": "other", "img_id": "COCO_train2014_000000393396", "label": {"overcast": 1}, "question_id": 393396001, "question_type": "none of the above", "sent": "Sunny or overcast?", "caption": "Behind the bell tower of the church is a snow-capped mountain, and the weather is overcast."}, {"answer_type": "yes/no", "img_id": "COCO_train2014_000000262336", "label": {"blue": 0.3, "no": 1}, "question_id": 262336002, "question_type": "none of the above", "sent": "The color of the court is green?", "caption": "The person waiting for the ball on the blue tennis court."}, {"answer_type": "yes/no", "img_id": "COCO_train2014_000000393422", "label": {"yes": 1}, "question_id": 393422000, "question_type": "none of the above", "sent": "Would you get a ticket if you disobeyed this sign?", "caption": "A red stop sign sitting below tall buildings."}, {"answer_type": "other", "img_id": "COCO_train2014_000000448671", "label": {"tie": 1, "yes": 0.3}, "question_id": 448671001, "question_type": "none of the above", "sent": "Something new to wear with a men's shirt?", "caption": "A man sitting in a chair trying on different ties"}, {"answer_type": "yes/no", "img_id": "COCO_train2014_000000262359", "label": {"yes": 1}, "question_id": 262359000, "question_type": "none of the above", "sent": "The tablecloths are white?", "caption": "a table with a white table cloth and a bottle on it "}, {"answer_type": "other", "img_id": "COCO_train2014_000000262359", "label": {"restaurant": 1}, "question_id": 262359002, "question_type": "none of the above", "sent": "Where do you think all these are located?", "caption": "A table in a dining room with a white tablecloth and a bottle."}, {"answer_type": "yes/no", "img_id": "COCO_train2014_000000474858", "label": {"no": 1, "yes": 0.9}, "question_id": 474858008, "question_type": "none of the above", "sent": "Were people moving when this picture was taken?", "caption": "A man standing on the beach beside surf boards"}, {"answer_type": "yes/no", "img_id": "COCO_train2014_000000393438", "label": {"no": 1, "yes": 0.3}, "question_id": 393438002, "question_type": "none of the above", "sent": "Did the man just steal the boy's kite?", "caption": "A young boy and an adult preparing to fly a kite."}, {"answer_type": "yes/no", "img_id": "COCO_train2014_000000524520", "label": {"no": 1, "yes": 0.9}, "question_id": 524520000, "question_type": "none of the above", "sent": "Can they go?", "caption": "Cars are at a stop light with extreme sun glare blazing though the windows."}, {"answer_type": "yes/no", "img_id": "COCO_train2014_000000262389", "label": {"yes": 1}, "question_id": 262389000, "question_type": "none of the above", "sent": "The man is wearing a helmet?", "caption": "MAN WITH HELMET SITTING ON A MOTORBIKE, WITH A BIRD ON IT"}, {"answer_type": "yes/no", "img_id": "COCO_train2014_000000262393", "label": {"2": 0.3, "no": 1, "yes": 0.6}, "question_id": 262393002, "question_type": "none of the above", "sent": "The zebras are in a field?", "caption": "Two zebras standing around in a zoo enclosure "}]