[{"answer_type": "yes/no", "img_id": "COCO_train2014_000000393230", "label": {"no": 1, "yes": 1}, "question_id": 393230010, "question_type": "is the person", "sent": "Is the person wearing a hat?", "caption": "A person is skiing over a snowy hill."}, {"answer_type": "other", "img_id": "COCO_train2014_000000474858", "label": {"male": 1}, "question_id": 474858023, "question_type": "is the person", "sent": "Is the person on the right male or female?", "caption": "A man standing on the beach beside surf boards"}, {"answer_type": "yes/no", "img_id": "COCO_train2014_000000393489", "label": {"no": 1}, "question_id": 393489015, "question_type": "is the person", "sent": "Is the person using skype?", "caption": "Someone's hand is holding up a Pharos Mobile Phone."}, {"answer_type": "yes/no", "img_id": "COCO_train2014_000000393575", "label": {"no": 1}, "question_id": 393575000, "question_type": "is the person", "sent": "Is the person in pink old enough to drive a car?", "caption": "Man and a young girl in pink throwing a Frisbee to each other."}, {"answer_type": "other", "img_id": "COCO_train2014_000000393656", "label": {"bird": 1, "planes": 0.3, "yes": 0.3}, "question_id": 393656004, "question_type": "is the person", "sent": "Is the person looking at the bird or the planes?", "caption": "A person standing in front of a window look at bird."}, {"answer_type": "yes/no", "img_id": "COCO_train2014_000000262705", "label": {"no": 1}, "question_id": 262705001, "question_type": "is the person", "sent": "Is the person skateboarding?", "caption": "A young child is skiing down a snowy slope"}, {"answer_type": "yes/no", "img_id": "COCO_train2014_000000502543", "label": {"no": 1}, "question_id": 502543014, "question_type": "is the person", "sent": "Is the person wearing a plaid shirt?", "caption": "A young man in gray shirt riding a skateboard off of a ramp."}, {"answer_type": "yes/no", "img_id": "COCO_train2014_000000284098", "label": {"no": 1, "yes": 0.3}, "question_id": 284098005, "question_type": "is the person", "sent": "Is the person tired?", "caption": "A man wearing sunglasses snowboards down a hillside."}, {"answer_type": "yes/no", "img_id": "COCO_train2014_000000132077", "label": {"no": 0.6, "yes": 1}, "question_id": 132077001, "question_type": "is the person", "sent": "Is the person wearing an apron?", "caption": "Corner view of a table with plaid cloth, red and white checkerboard napkins, a pizza, a container of green leafy vegetable, and some bottles, with the hips of a person wearing an apron standing beside table in green grass."}, {"answer_type": "yes/no", "img_id": "COCO_train2014_000000546307", "label": {"no": 1}, "question_id": 546307001, "question_type": "is the person", "sent": "Is the person falling down?", "caption": "A man is trying to fly a giant kite in the park. "}, {"answer_type": "yes/no", "img_id": "COCO_train2014_000000394349", "label": {"yes": 1}, "question_id": 394349002, "question_type": "is the person", "sent": "Is the person under 10 years old?", "caption": "The young child is sleeping with the cat. \n"}, {"answer_type": "yes/no", "img_id": "COCO_train2014_000000132258", "label": {"no": 1, "yes": 0.6}, "question_id": 132258002, "question_type": "is the person", "sent": "Is the person wearing shorts?", "caption": "A man wearing a pair of jeans and  an outdated cell phone."}, {"answer_type": "yes/no", "img_id": "COCO_train2014_000000525501", "label": {"no": 1}, "question_id": 525501005, "question_type": "is the person", "sent": "Is the person in the water?", "caption": "A man standing on top of a sandy beach under a frisbee."}, {"answer_type": "yes/no", "img_id": "COCO_train2014_000000132430", "label": {"yes": 1}, "question_id": 132430000, "question_type": "is the person", "sent": "Is the person sleeping?", "caption": "A person asleep on a park bench, with an umbrella."}, {"answer_type": "yes/no", "img_id": "COCO_train2014_000000394627", "label": {"no": 1}, "question_id": 394627001, "question_type": "is the person", "sent": "Is the person blurry?", "caption": "A boy smiles while holding a yellow bat."}, {"answer_type": "yes/no", "img_id": "COCO_train2014_000000263620", "label": {"yes": 1}, "question_id": 263620002, "question_type": "is the person", "sent": "IS the person outside?", "caption": "A man selling bananas at a stand at a market."}, {"answer_type": "yes/no", "img_id": "COCO_train2014_000000132564", "label": {"yes": 1}, "question_id": 132564009, "question_type": "is the person", "sent": "Is the person dressed for work?", "caption": "A man in a dress shirt and tie holds his arm outstretched"}, {"answer_type": "yes/no", "img_id": "COCO_train2014_000000394747", "label": {"yes": 1}, "question_id": 394747004, "question_type": "is the person", "sent": "Is the person in the background wearing sunglasses?", "caption": "A man on a skateboard, followed by a man in sunglasses."}, {"answer_type": "other", "img_id": "COCO_train2014_000000263764", "label": {"man": 0.6, "woman": 1}, "question_id": 263764000, "question_type": "is the person", "sent": "Is the person in orange a man or a woman?", "caption": "A woman in orange drinking a beer standing in a kitchen."}, {"answer_type": "yes/no", "img_id": "COCO_train2014_000000263764", "label": {"yes": 1}, "question_id": 263764047, "question_type": "is the person", "sent": "Is the person wearing shoes?", "caption": "The woman in front of the oven wears canvas shoes."}, {"answer_type": "other", "img_id": "COCO_train2014_000000263764", "label": {"beer": 1, "soda": 0.3}, "question_id": 263764136, "question_type": "what does the", "sent": "What does the glass contain?", "caption": "A woman drinking a beer standing in a kitchen."}, {"answer_type": "other", "img_id": "COCO_train2014_000000144084", "label": {"nature": 1}, "question_id": 144084002, "question_type": "what does the", "sent": "What does the word on the plane say?", "caption": "A print of nature is printed on an airplane."}, {"answer_type": "other", "img_id": "COCO_train2014_000000525944", "label": {"cover": 0.3, "racket": 0.3, "tennis racket": 0.6}, "question_id": 525944000, "question_type": "what does the", "sent": "What does the man have in his right hand?", "caption": "A man with 2 tennis rackets walking across a tennis court."}, {"answer_type": "other", "img_id": "COCO_train2014_000000525944", "label": {"racket": 0.3, "racquet": 0.3, "tennis racket": 1, "tennis racquet": 0.6}, "question_id": 525944002, "question_type": "what does the", "sent": "What does the man have in his left hand?", "caption": "A man walking across a tennis court with racquets"}, {"answer_type": "other", "img_id": "COCO_train2014_000000394896", "label": {"kite": 1}, "question_id": 394896001, "question_type": "what does the", "sent": "What does the child have?", "caption": "A very small boy flying a kite in a big field."}, {"answer_type": "other", "img_id": "COCO_train2014_000000526071", "label": {"red": 1, "stop": 1}, "question_id": 526071006, "question_type": "what does the", "sent": "What does the color of the traffic signal indicate?", "caption": "Red traffic lights stop the car."}, {"answer_type": "other", "img_id": "COCO_train2014_000000395204", "label": {"war": 1}, "question_id": 395204000, "question_type": "what does the", "sent": "What does the sign say on the sidewalk?", "caption": "A stop sign casting a shadow of a sign that says war."}, {"answer_type": "number", "img_id": "COCO_train2014_000000526292", "label": {}, "question_id": 526292008, "question_type": "what does the", "sent": "What does the sign say?", "caption": "Corner street signs off of a road named Articulo 123."}, {"answer_type": "other", "img_id": "COCO_train2014_000000395314", "label": {}, "question_id": 395314000, "question_type": "what does the", "sent": "What does the license plate read?", "caption": "A yellow bus with the license plate M46ILLJ was driving down the street."}, {"answer_type": "other", "img_id": "COCO_train2014_000000264365", "label": {"nothing": 1}, "question_id": 264365004, "question_type": "what does the", "sent": "What does the mug have written on it?", "caption": "A completely black mug and a book on the table."}, {"answer_type": "other", "img_id": "COCO_train2014_000000395444", "label": {}, "question_id": 395444003, "question_type": "what does the", "sent": "What does the banana read?", "caption": "A rabbit lies next to a banana with \"Welcome Home Derby\" inscribed on the peel."}, {"answer_type": "other", "img_id": "COCO_train2014_000000395469", "label": {}, "question_id": 395469000, "question_type": "what does the", "sent": "What does the bench have written on it?", "caption": "A bench has a message written on it that says, \"youre walking through poetry...\"."}, {"answer_type": "other", "img_id": "COCO_train2014_000000395498", "label": {"stop": 1}, "question_id": 395498001, "question_type": "what does the", "sent": "What does the sign say?", "caption": "A person in a car taking a photo near a stop sign."}, {"answer_type": "other", "img_id": "COCO_train2014_000000526599", "label": {"bottle": 0.3, "watch": 0.9, "water": 0.6, "water bottle": 1}, "question_id": 526599000, "question_type": "what does the", "sent": "What does the man have on his hand?", "caption": "A man holding a bottle of water while standing next to a street sign"}, {"answer_type": "other", "img_id": "COCO_train2014_000000264514", "label": {}, "question_id": 264514002, "question_type": "what does the", "sent": "What does the sign read?", "caption": "A dog and a cat are lying next to the sign that says \"Please Help\"."}, {"answer_type": "other", "img_id": "COCO_train2014_000000133467", "label": {"backpack": 1, "bag": 0.3, "strap": 0.3}, "question_id": 133467009, "question_type": "what does the", "sent": "What does the man have on his back?", "caption": "A man with a backpack sits on a park bench."}, {"answer_type": "other", "img_id": "COCO_train2014_000000133508", "label": {"behind": 0.3, "cool": 0.3, "peace": 0.3, "waving": 0.3, "yes": 0.3}, "question_id": 133508004, "question_type": "what does the", "sent": "What does the hand gesture mean that the guy is making?", "caption": "A young man in a wet suite is giving the thumbs up."}, {"answer_type": "other", "img_id": "COCO_train2014_000000175180", "label": {"boots": 0.6, "snowboard": 1, "surfboard": 0.3}, "question_id": 175180000, "question_type": "what does the", "sent": "What does the man have on his feet?", "caption": "A person wearing googles jumping on a snowboard."}, {"answer_type": "other", "img_id": "COCO_train2014_000000264695", "label": {"ball": 1}, "question_id": 264695003, "question_type": "what does the", "sent": "What does the dog have?", "caption": "A dog chasing a blue ball on the beach "}, {"answer_type": "other", "img_id": "COCO_train2014_000000255937", "label": {"animals": 0.3, "giraffe": 1, "museum": 0.3}, "question_id": 255937013, "question_type": "what does the", "sent": "What does the display represent?", "caption": "A giraffe eating from a branch above while a girl stands next to the enclosure."}, {"answer_type": "yes/no", "img_id": "COCO_train2014_000000328106", "label": {"no": 1}, "question_id": 328106004, "question_type": "is this a", "sent": "Is this a controlled environment?", "caption": "a motorcycle standing on a trail in the forest"}, {"answer_type": "yes/no", "img_id": "COCO_train2014_000000526861", "label": {"yes": 1}, "question_id": 526861002, "question_type": "is this a", "sent": "Is this a train?", "caption": "a train drives down a track next to the ocean"}, {"answer_type": "yes/no", "img_id": "COCO_train2014_000000526874", "label": {"no": 0.9, "yes": 1}, "question_id": 526874028, "question_type": "is this a", "sent": "Is this a one way road?", "caption": "a mail truck and a truck driving on a one way road outside some shops."}, {"answer_type": "yes/no", "img_id": "COCO_train2014_000000526874", "label": {"no": 1, "yes": 1}, "question_id": 526874034, "question_type": "is this a", "sent": "Is this a supermarket?", "caption": "The vehicles are stopped at a traffic light outside of shop buildings. "}, {"answer_type": "yes/no", "img_id": "COCO_train2014_000000526898", "label": {"no": 1}, "question_id": 526898002, "question_type": "is this a", "sent": "Is this a modern home?", "caption": "A black and white image of an old castle with a clock. "}, {"answer_type": "yes/no", "img_id": "COCO_train2014_000000395828", "label": {"no": 0.3, "yes": 1}, "question_id": 395828000, "question_type": "is this a", "sent": "Is this a passenger  train?", "caption": "A passenger train driving down the train tracks out side."}, {"answer_type": "yes/no", "img_id": "COCO_train2014_000000264758", "label": {"no": 1, "yes": 0.3}, "question_id": 264758003, "question_type": "is this a", "sent": "Is this a steep slope?", "caption": "A man snowshoeing across a snow-covered town square."}, {"answer_type": "yes/no", "img_id": "COCO_train2014_000000133688", "label": {"no": 0.6, "yes": 1}, "question_id": 133688000, "question_type": "is this a", "sent": "Is this a trolley car?", "caption": "a trolley car sitting on display inside of a building."}, {"answer_type": "yes/no", "img_id": "COCO_train2014_000000395838", "label": {"no": 1}, "question_id": 395838005, "question_type": "is this a", "sent": "Is this a public restroom?", "caption": "Bathroom with toilet, sink, shower curtain and tile floor. "}, {"answer_type": "yes/no", "img_id": "COCO_train2014_000000395850", "label": {"no": 1}, "question_id": 395850001, "question_type": "is this a", "sent": "Is this a cloudy day?", "caption": "That is an extremely odd airplane flying across the blue sky."}, {"answer_type": "yes/no", "img_id": "COCO_train2014_000000395850", "label": {"no": 1}, "question_id": 395850002, "question_type": "is this a", "sent": "Is this a commercial plane?", "caption": "A large military jet flying side ways in the air"}, {"answer_type": "yes/no", "img_id": "COCO_train2014_000000344885", "label": {"no": 1}, "question_id": 344885000, "question_type": "is this a", "sent": "Is this a video?", "caption": "a living room with a tv two speakers and an entertainment center"}, {"answer_type": "yes/no", "img_id": "COCO_train2014_000000133722", "label": {"yes": 1}, "question_id": 133722002, "question_type": "is this a", "sent": "Is this a city scene?", "caption": "Woman eating pizza during a night on the town."}, {"answer_type": "other", "img_id": "COCO_train2014_000000526941", "label": {"adult": 1, "baby": 0.3}, "question_id": 526941001, "question_type": "is this a", "sent": "Is this a baby animal or an adult animal?", "caption": "A zebra standing on top of a dry grass field."}, {"answer_type": "yes/no", "img_id": "COCO_train2014_000000133730", "label": {"no": 1}, "question_id": 133730004, "question_type": "is this a", "sent": "Is this a recent photograph?", "caption": "Black and white photo of baseball players signing autographs for fans."}, {"answer_type": "yes/no", "img_id": "COCO_train2014_000000133730", "label": {"black and white": 0.3, "no": 1}, "question_id": 133730009, "question_type": "is this a", "sent": "Is this a color photograph?", "caption": "Black and white photo of baseball players signing autographs for fans."}, {"answer_type": "yes/no", "img_id": "COCO_train2014_000000526953", "label": {"yes": 1}, "question_id": 526953004, "question_type": "is this a", "sent": "Is this a tennis tournament in Australia?", "caption": "A guy returns the ball during a tennis match in Australia."}, {"answer_type": "yes/no", "img_id": "COCO_train2014_000000393661", "label": {"no": 1}, "question_id": 393661017, "question_type": "is this a", "sent": "Is this a dairy farm?", "caption": "A group of giraffe standing on top of a dirt field."}, {"answer_type": "yes/no", "img_id": "COCO_train2014_000000393661", "label": {"no": 1, "yes": 0.3}, "question_id": 393661027, "question_type": "is this a", "sent": "Is this a garden?", "caption": "an enclosed pen with three girraffe one standing while the other two laying down"}, {"answer_type": "yes/no", "img_id": "COCO_train2014_000000526980", "label": {"no": 1, "yes": 0.6}, "question_id": 526980001, "question_type": "is this a", "sent": "Is this a living area?", "caption": "A gray bathroom with a white toilet in it."}, {"answer_type": "other", "img_id": "COCO_train2014_000000339576", "label": {"rainbow": 0.6, "rectangle": 0.3, "square": 0.3, "striped": 0.6}, "question_id": 339576000, "question_type": "how", "sent": "How is the kite designed?", "caption": "A family gathers around a rainbow kite on a lush green field."}, {"answer_type": "number", "img_id": "COCO_train2014_000000134100", "label": {"2": 0.3, "3": 1, "yes": 0.3}, "question_id": 134100001, "question_type": "how", "sent": "How man men are holding bats in their right hands?", "caption": "Three baseball players with bats in their hands pose for a picture."}, {"answer_type": "other", "img_id": "COCO_train2014_000000265179", "label": {"fresh": 0.9, "new": 0.3, "yes": 0.3}, "question_id": 265179001, "question_type": "how", "sent": "How old is the fruit on the table?", "caption": "Display of a fresh banana on white table."}, {"answer_type": "other", "img_id": "COCO_train2014_000000265196", "label": {"1 year": 0.3, "don't know": 0.6, "long time": 0.6}, "question_id": 265196000, "question_type": "how", "sent": "How long has this dog been eating off the table?", "caption": "A chihuahua dog sitting on a chair at a table with his dog bowl and a fork in front of him."}, {"answer_type": "other", "img_id": "COCO_train2014_000000265211", "label": {"multicolored": 0.3, "rainbow": 0.9}, "question_id": 265211001, "question_type": "how", "sent": "How would you describe this umbrella?", "caption": "One street has some signs with a big rainbow umbrella behind it."}, {"answer_type": "number", "img_id": "COCO_train2014_000000265211", "label": {"0": 0.3, "free": 0.9, "unknown": 0.3}, "question_id": 265211002, "question_type": "how", "sent": "How much to park there?", "caption": "Lots of cars parked for free on one street."}, {"answer_type": "number", "img_id": "COCO_train2014_000000134233", "label": {"1 foot": 0.3, "6 inches": 0.9, "foot": 0.3, "meat": 0.3}, "question_id": 134233002, "question_type": "how", "sent": "How long is the hot dog?", "caption": "The hot dog in the wrapper on the table appeared to be 6 inches long."}, {"answer_type": "other", "img_id": "COCO_train2014_000000340539", "label": {"kickstand": 1}, "question_id": 340539003, "question_type": "how", "sent": "How does the bike stay balanced upright?", "caption": "A cat is next to a green folding bicycle."}, {"answer_type": "other", "img_id": "COCO_train2014_000000527509", "label": {"backward": 0.3, "backwards": 0.3, "eyes": 0.6, "sideways": 0.3}, "question_id": 527509003, "question_type": "how", "sent": "How does the ram view the photographer?", "caption": "there is a sheep that has been colored with different colors"}, {"answer_type": "other", "img_id": "COCO_train2014_000000134297", "label": {"0": 0.3, "little": 0.6, "lot": 0.3, "not at all": 0.3, "not sure": 0.3}, "question_id": 134297011, "question_type": "how", "sent": "How much do they like each other?", "caption": "A boy and girl that are standing outside in the rain."}, {"answer_type": "number", "img_id": "COCO_train2014_000000393762", "label": {"1": 1}, "question_id": 393762001, "question_type": "how", "sent": "How far is it to Whitwick?", "caption": "The sign says 1 kilometer to Whitwick."}, {"answer_type": "other", "img_id": "COCO_train2014_000000397286", "label": {"fancy": 0.3, "formal": 0.3, "uniform": 1}, "question_id": 397286002, "question_type": "how", "sent": "How is the man dressed?", "caption": "The man who cuts the cake wears a uniform."}, {"answer_type": "other", "img_id": "COCO_train2014_000000563138", "label": {"little": 0.3, "not": 0.3, "not very": 0.3, "very": 1}, "question_id": 563138006, "question_type": "how", "sent": "How dejected does the backpack look?", "caption": "A back pack on the bed looks very dejected."}, {"answer_type": "other", "img_id": "COCO_train2014_000000396696", "label": {"foot": 0.3, "lot": 1, "lots": 0.3}, "question_id": 396696006, "question_type": "how", "sent": "How much snow is on the ground?", "caption": "A man crawls into a tent in a lot of snow."}, {"answer_type": "number", "img_id": "COCO_train2014_000000396703", "label": {"2.00": 1}, "question_id": 396703003, "question_type": "how", "sent": "How much do the Granny Smith apples cost?", "caption": "The Granny Smith apples in the container cost 2 dollers."}, {"answer_type": "other", "img_id": "COCO_train2014_000000396762", "label": {"black and white": 0.6, "sepia": 0.6}, "question_id": 396762001, "question_type": "how", "sent": "How do you know this is a vintage photo?", "caption": "Sepia image of men standing around a propeller aircraft."}, {"answer_type": "other", "img_id": "COCO_train2014_000000265709", "label": {"bending": 0.3, "down": 0.3, "side": 0.3, "straight": 0.3}, "question_id": 265709014, "question_type": "how", "sent": "How are the man's arms positioned?", "caption": "A man sits on a green bench with his arms on his lap."}, {"answer_type": "other", "img_id": "COCO_train2014_000000344920", "label": {"not very": 0.3, "small": 0.9, "twin": 0.6}, "question_id": 344920003, "question_type": "how", "sent": "How large are the beds?", "caption": "this small room has two small beds and a night stand"}, {"answer_type": "other", "img_id": "COCO_train2014_000000528060", "label": {"clear": 0.9, "cloudy": 0.3, "sunny": 1}, "question_id": 528060002, "question_type": "how", "sent": "How is the weather in the photo?", "caption": "An open umbrella over a crowd of people in a sunny day."}, {"answer_type": "other", "img_id": "COCO_train2014_000000134907", "label": {"big": 0.3, "fun": 0.3, "large": 0.3, "open": 0.6}, "question_id": 134907007, "question_type": "how", "sent": "How is the book?", "caption": "A guy on a couch with a laptop and a big book in his lap."}, {"answer_type": "yes/no", "img_id": "COCO_train2014_000000528129", "label": {"yes": 1}, "question_id": 528129001, "question_type": "are there", "sent": "Are there clouds?", "caption": "Two zebras stand side by side with a lot of clouds in the background."}, {"answer_type": "other", "img_id": "COCO_train2014_000000528151", "label": {"neither": 0.6, "tie": 0.3, "water": 0.3}, "question_id": 528151002, "question_type": "are there", "sent": "Are there more water glasses or wine glasses?", "caption": "A table with two glasses and two wine glasses and a pizza."}, {"answer_type": "yes/no", "img_id": "COCO_train2014_000000134946", "label": {"no": 1}, "question_id": 134946006, "question_type": "are there", "sent": "Are there more than 56 sheep?", "caption": "Three sheep are grazing beside several large trees."}, {"answer_type": "yes/no", "img_id": "COCO_train2014_000000427852", "label": {"no": 1}, "question_id": 427852002, "question_type": "are there", "sent": "Are there French fries?", "caption": "A piece of pizza with pineapple and pepperoni."}, {"answer_type": "yes/no", "img_id": "COCO_train2014_000000459401", "label": {"no": 1}, "question_id": 459401007, "question_type": "are there", "sent": "Are there bare spots in the grass?", "caption": "A group of giraffe standing in the high grass."}, {"answer_type": "yes/no", "img_id": "COCO_train2014_000000284639", "label": {"yes": 1}, "question_id": 284639000, "question_type": "are there", "sent": "Are there a lot of electronics in this picture?", "caption": "A large TV with lots of surrounding electronics."}, {"answer_type": "yes/no", "img_id": "COCO_train2014_000000161617", "label": {"no": 0.3, "yes": 1}, "question_id": 161617003, "question_type": "are there", "sent": "Are there two animals?", "caption": "A cute dog looking out the door with a cat in the background."}, {"answer_type": "yes/no", "img_id": "COCO_train2014_000000397253", "label": {"no": 1, "yes": 1}, "question_id": 397253018, "question_type": "are there", "sent": "Are there guitars in the picture?", "caption": "An office desk with two monitors in a room with an open closet."}, {"answer_type": "yes/no", "img_id": "COCO_train2014_000000306511", "label": {"no": 1}, "question_id": 306511004, "question_type": "are there", "sent": "Are there people sitting on the bench?", "caption": "A little boy holding a baseball bat standing next to home plate."}, {"answer_type": "yes/no", "img_id": "COCO_train2014_000000266299", "label": {"yes": 1}, "question_id": 266299001, "question_type": "are there", "sent": "Are there palm trees in the photo?", "caption": "There are many palm trees in the distance."}, {"answer_type": "yes/no", "img_id": "COCO_train2014_000000528452", "label": {"no": 1, "yes": 0.3}, "question_id": 528452002, "question_type": "are there", "sent": "Are there people in the boat?", "caption": "Many people stand on the shore."}, {"answer_type": "yes/no", "img_id": "COCO_train2014_000000460055", "label": {"no": 1}, "question_id": 460055011, "question_type": "are there", "sent": "Are there trees nearby?", "caption": "A person walking in the water dragging a surfboard."}, {"answer_type": "yes/no", "img_id": "COCO_train2014_000000135287", "label": {"no": 1}, "question_id": 135287000, "question_type": "are there", "sent": "Are there stuffed animals on the back of the couch?", "caption": "A older woman sits on a couch holding a remote."}, {"answer_type": "yes/no", "img_id": "COCO_train2014_000000266556", "label": {"no": 1}, "question_id": 266556007, "question_type": "are there", "sent": "Are there people standing around?", "caption": "The lone snowboarder is headed towards a grove of trees."}, {"answer_type": "yes/no", "img_id": "COCO_train2014_000000266556", "label": {"no": 1, "yes": 0.3}, "question_id": 266556008, "question_type": "are there", "sent": "Are there skis?", "caption": "Person on snowboard sliding towards the group of trees"}, {"answer_type": "yes/no", "img_id": "COCO_train2014_000000397673", "label": {"yes": 1}, "question_id": 397673004, "question_type": "are there", "sent": "Are there other vehicles on the tarmac?", "caption": "There are some cars parked behind a white plane."}, {"answer_type": "yes/no", "img_id": "COCO_train2014_000000127100", "label": {"2": 0.6, "no": 1}, "question_id": 127100002, "question_type": "are there", "sent": "Are there many people?", "caption": "A motorcyclist stops on the road to allow a pedestrian to cross. "}, {"answer_type": "yes/no", "img_id": "COCO_train2014_000000127100", "label": {"no": 1, "yes": 0.6}, "question_id": 127100005, "question_type": "are there", "sent": "Are there spectators in the picture?", "caption": "A man jaywalks across the street past cars and a motorcycle."}, {"answer_type": "yes/no", "img_id": "COCO_train2014_000000135749", "label": {"no": 1}, "question_id": 135749001, "question_type": "are there", "sent": "Are there more cars than bicycles visible in this picture?", "caption": "Some people on bicycles are following a bus"}, {"answer_type": "yes/no", "img_id": "COCO_train2014_000000306621", "label": {"yes": 1}, "question_id": 306621003, "question_type": "are there", "sent": "Are there veggies on the plate?", "caption": "A plate full of food with broccoli and other things."}, {"answer_type": "yes/no", "img_id": "COCO_train2014_000000398093", "label": {"no": 1}, "question_id": 398093003, "question_type": "has", "sent": "Has the doughnut been bitten?", "caption": "Serve a whole donut next to a cup of coffee"}, {"answer_type": "yes/no", "img_id": "COCO_train2014_000000529203", "label": {"no": 1}, "question_id": 529203001, "question_type": "has", "sent": "Has the stove been installed yet?", "caption": "An oven that has yet to be installed."}, {"answer_type": "yes/no", "img_id": "COCO_train2014_000000136026", "label": {"yes": 1}, "question_id": 136026000, "question_type": "has", "sent": "Has the older truck been well maintained mechanically?", "caption": "An elderly man stands in front of a vintage truck with well-maintained mechanics."}, {"answer_type": "yes/no", "img_id": "COCO_train2014_000000529345", "label": {"no": 1}, "question_id": 529345001, "question_type": "has", "sent": "Has this pizza already been sliced?", "caption": "A whole pizza sits on the plate on the table."}, {"answer_type": "yes/no", "img_id": "COCO_train2014_000000267289", "label": {"no": 1}, "question_id": 267289000, "question_type": "has", "sent": "Has the batter already his the ball?", "caption": "A ball is flying toward a baseball batter."}, {"answer_type": "yes/no", "img_id": "COCO_train2014_000000415933", "label": {"yes": 1}, "question_id": 415933002, "question_type": "has", "sent": "Has this sandwich been tested yet?", "caption": "We see a partially eaten sandwich on a plate."}, {"answer_type": "yes/no", "img_id": "COCO_train2014_000000415933", "label": {"yes": 1}, "question_id": 415933017, "question_type": "has", "sent": "Has anyone taken bites or the food?", "caption": "We see a partially eaten sandwich on a plate."}, {"answer_type": "yes/no", "img_id": "COCO_train2014_000000398540", "label": {"no": 1}, "question_id": 398540003, "question_type": "has", "sent": "Has it rained recently here?", "caption": "Three zebras stand in dry grass."}, {"answer_type": "yes/no", "img_id": "COCO_train2014_000000437801", "label": {"yes": 1}, "question_id": 437801014, "question_type": "has", "sent": "Has the napkin been used?", "caption": "Next to a plate of pizza was a wad of used napkins."}, {"answer_type": "yes/no", "img_id": "COCO_train2014_000000571934", "label": {"no": 1}, "question_id": 571934007, "question_type": "has", "sent": "Has the grass been mowed recently?", "caption": "A herd of black and brown cattle grazing on a hill where the grass grows naturally."}, {"answer_type": "yes/no", "img_id": "COCO_train2014_000000350452", "label": {"yes": 1}, "question_id": 350452002, "question_type": "has", "sent": "Has this person skied before?", "caption": "A man in a black jacket skillfully skis in the snow."}, {"answer_type": "yes/no", "img_id": "COCO_train2014_000000136672", "label": {"yes": 1}, "question_id": 136672001, "question_type": "has", "sent": "Has the photo been edited?", "caption": "Pizza and clothes were edited from black and white photos and turned into color."}, {"answer_type": "yes/no", "img_id": "COCO_train2014_000000268195", "label": {"no": 0.9, "yes": 1}, "question_id": 268195007, "question_type": "has", "sent": "Has the laptop been turned off?", "caption": "There's an old computer that turn off, with a mouse and keyboard next to it."}, {"answer_type": "yes/no", "img_id": "COCO_train2014_000000399472", "label": {"no": 0.9, "yes": 1}, "question_id": 399472003, "question_type": "has", "sent": "Has this pizza been sliced?", "caption": "Sliced pizza on a white plate."}, {"answer_type": "yes/no", "img_id": "COCO_train2014_000000268548", "label": {"no": 1}, "question_id": 268548001, "question_type": "has", "sent": "Has the meal already been eaten?", "caption": "A plate of fruit on a picnic table is ready to be eaten."}, {"answer_type": "yes/no", "img_id": "COCO_train2014_000000268682", "label": {"no": 1}, "question_id": 268682003, "question_type": "has", "sent": "Has this pizza been cooked?", "caption": "A pizza in a pan uncooked on a table "}, {"answer_type": "yes/no", "img_id": "COCO_train2014_000000577344", "label": {"no": 1, "yes": 0.3}, "question_id": 577344001, "question_type": "has", "sent": "Has this truck been painted recently?", "caption": "an old rust bucket truck with a cracked mirror"}, {"answer_type": "yes/no", "img_id": "COCO_train2014_000000269592", "label": {"no": 1}, "question_id": 269592005, "question_type": "has", "sent": "Has the apple been cut?", "caption": "a knife with a black handle some tomatoes and a whole apple."}, {"answer_type": "yes/no", "img_id": "COCO_train2014_000000531828", "label": {"no": 1}, "question_id": 531828004, "question_type": "has", "sent": "Has a bite been taken out of this donut?", "caption": "Someone is holding a whole white donut covered in orange sprinkles."}, {"answer_type": "yes/no", "img_id": "COCO_train2014_000000524273", "label": {"no": 0.3, "yes": 1}, "question_id": 524273006, "question_type": "has", "sent": "Has the plane landed yet?", "caption": "An white airplane sitting on a empty landing."}, {"answer_type": "yes/no", "img_id": "COCO_train2014_000000532504", "label": {"yes": 1}, "question_id": 532504001, "question_type": "could", "sent": "Could this be a boarding school cafeteria?", "caption": "An old time picture of a boarding school cafeteria."}, {"answer_type": "yes/no", "img_id": "COCO_train2014_000000139326", "label": {"yes": 1}, "question_id": 139326001, "question_type": "could", "sent": "Could this be an old receiver?", "caption": "there is a very old radio in this brown shelf"}, {"answer_type": "yes/no", "img_id": "COCO_train2014_000000139353", "label": {"no": 0.3, "yes": 1}, "question_id": 139353010, "question_type": "could", "sent": "Could she be learning?", "caption": "A child is learning to play with the wii remote."}, {"answer_type": "yes/no", "img_id": "COCO_train2014_000000532589", "label": {"no": 1}, "question_id": 532589012, "question_type": "could", "sent": "Could this be soccer practice?", "caption": "Boys are playing baseball at a baseball field."}, {"answer_type": "yes/no", "img_id": "COCO_train2014_000000532768", "label": {"yes": 1}, "question_id": 532768001, "question_type": "could", "sent": "Could this be in Great Britain?", "caption": "A really nice big truck on the street could be in the UK."}, {"answer_type": "yes/no", "img_id": "COCO_train2014_000000438331", "label": {"no": 1, "yes": 0.6}, "question_id": 438331003, "question_type": "could", "sent": "Could these riders be racing?", "caption": "A man is driving two children on a motorcycle."}, {"answer_type": "yes/no", "img_id": "COCO_train2014_000000537122", "label": {"no": 0.3, "yes": 1}, "question_id": 537122001, "question_type": "could", "sent": "Could they be in the wild?", "caption": " A zebra standing in long grass and eating it  in the wild."}, {"answer_type": "yes/no", "img_id": "COCO_train2014_000000533004", "label": {"yes": 1}, "question_id": 533004000, "question_type": "could", "sent": "Could the time be 3:58?", "caption": "Four clocks show the time 3:58 in a square hanging from the ceiling."}, {"answer_type": "yes/no", "img_id": "COCO_train2014_000000139815", "label": {"no": 1}, "question_id": 139815001, "question_type": "could", "sent": "Could a cruise ship traverse this waterway?", "caption": "A girl is standing by the river which is not spacious."}, {"answer_type": "yes/no", "img_id": "COCO_train2014_000000139839", "label": {"yes": 1}, "question_id": 139839006, "question_type": "could", "sent": "Could more than 100 people ride on this?", "caption": "Two planes sit on a runway under dark skies. "}, {"answer_type": "yes/no", "img_id": "COCO_train2014_000000402207", "label": {"no": 1}, "question_id": 402207007, "question_type": "could", "sent": "Could the time be 11:00 PM?", "caption": "The clock next to the Olympic rings is showing 10:25."}, {"answer_type": "yes/no", "img_id": "COCO_train2014_000000140092", "label": {"no": 1}, "question_id": 140092016, "question_type": "could", "sent": "Could this be her bed?", "caption": "A nurse assists a hospitalized patient in his bed."}, {"answer_type": "yes/no", "img_id": "COCO_train2014_000000140209", "label": {"yes": 1}, "question_id": 140209003, "question_type": "could", "sent": "Could this uniform be considered retro?", "caption": "a man in an old fashioned baseball uniform hitting a baseball "}, {"answer_type": "yes/no", "img_id": "COCO_train2014_000000140340", "label": {"yes": 1}, "question_id": 140340003, "question_type": "could", "sent": "Could this be a transportation terminal?", "caption": "A clock gives the time in a large central station."}, {"answer_type": "yes/no", "img_id": "COCO_train2014_000000271418", "label": {"no": 0.6, "yes": 1}, "question_id": 271418000, "question_type": "could", "sent": "Could that be a canary?", "caption": "A canary perched on top of a small tree branch."}, {"answer_type": "yes/no", "img_id": "COCO_train2014_000000271419", "label": {"yes": 1}, "question_id": 271419001, "question_type": "could", "sent": "Could this be a zoo?", "caption": "two calm bears that are sitting in a zoo"}, {"answer_type": "yes/no", "img_id": "COCO_train2014_000000271542", "label": {"no": 0.3, "yes": 1}, "question_id": 271542000, "question_type": "could", "sent": "Could this be a river?", "caption": "the people are walking there dog along the river"}, {"answer_type": "yes/no", "img_id": "COCO_train2014_000000351126", "label": {"yes": 1}, "question_id": 351126001, "question_type": "could", "sent": "Could that be a cruise-ship?", "caption": "A train drives along with a cruise-ship in the background."}, {"answer_type": "yes/no", "img_id": "COCO_train2014_000000533917", "label": {"yes": 1}, "question_id": 533917002, "question_type": "could", "sent": "Could this be considered a healthy breakfast?", "caption": "a plate of a nutritious meal with a glass of orange juice "}, {"answer_type": "yes/no", "img_id": "COCO_train2014_000000198214", "label": {"no": 1}, "question_id": 198214002, "question_type": "could", "sent": "Could two people walk side-by-side down this hallway?", "caption": "A man walking down a narrow hallway with a backpack."}, {"answer_type": "other", "img_id": "COCO_train2014_000000271829", "label": {"pocket": 0.6}, "question_id": 271829000, "question_type": "where is the", "sent": "Where is the man's right hand?", "caption": "A man lays in bed with right hand in his pocket and another on his cat."}, {"answer_type": "other", "img_id": "COCO_train2014_000000402908", "label": {"bathroom": 0.6, "center": 0.3, "wall": 0.6}, "question_id": 402908000, "question_type": "where is the", "sent": "Where is the metal wall hanging?", "caption": "a bathroom with a metal tree on the wall above the toilet"}, {"answer_type": "other", "img_id": "COCO_train2014_000000533988", "label": {"on wall": 1, "wall": 0.6}, "question_id": 533988000, "question_type": "where is the", "sent": "Where is the painting of the bird placed?", "caption": "There is a painting of the bird on the bedroom wall."}, {"answer_type": "other", "img_id": "COCO_train2014_000000533988", "label": {"bedroom": 1}, "question_id": 533988002, "question_type": "where is the", "sent": "Where is the girl?", "caption": "A woman standing in a doorway of a bedroom in Mount Vernon."}, {"answer_type": "other", "img_id": "COCO_train2014_000000533989", "label": {"curb": 0.9, "on sidewalk": 0.3, "road": 0.3, "side of road": 0.3, "yes": 0.3}, "question_id": 533989003, "question_type": "where is the", "sent": "Where is the car parked?", "caption": "A car is parked at a curb with its door open. "}, {"answer_type": "other", "img_id": "COCO_train2014_000000534016", "label": {"background": 0.6, "crosswalk": 0.3, "driving": 0.3, "on road": 0.6}, "question_id": 534016004, "question_type": "where is the", "sent": "Where is the car?", "caption": "There is a car behind a parking meter on the side of a city street."}, {"answer_type": "other", "img_id": "COCO_train2014_000000271890", "label": {"on table": 0.6, "right": 0.6, "table": 0.3}, "question_id": 271890006, "question_type": "where is the", "sent": "Where is the spoon?", "caption": "Spoons and forks sit next to plates full of food."}, {"answer_type": "other", "img_id": "COCO_train2014_000000271890", "label": {"middle": 0.3, "on right": 0.3, "right": 0.6, "table": 0.3}, "question_id": 271890009, "question_type": "where is the", "sent": "Where is the fork?", "caption": "A spoon and a fork lie next to a white plate."}, {"answer_type": "other", "img_id": "COCO_train2014_000000140821", "label": {"back": 0.3, "floor": 0.3, "left": 0.3, "on shelf": 0.6, "right": 0.3}, "question_id": 140821002, "question_type": "where is the", "sent": "Where is the tissue?", "caption": "There's some tissue on the shelf next to the toilet."}, {"answer_type": "other", "img_id": "COCO_train2014_000000403004", "label": {"ground": 0.3, "in front": 0.3, "left": 0.3, "on ground": 0.3, "yes": 0.6}, "question_id": 403004001, "question_type": "where is the", "sent": "Where is the wooden bench?", "caption": "A wooden bench sits in front of several brightly colored chairs."}, {"answer_type": "other", "img_id": "COCO_train2014_000000547768", "label": {"engine": 0.3, "train": 1}, "question_id": 547768000, "question_type": "where is the", "sent": "Where is the steam from?", "caption": "Steam rises from a train traveling along elevated tracks."}, {"answer_type": "other", "img_id": "COCO_train2014_000000515341", "label": {"bathroom": 1, "corner": 0.6, "in back": 0.3, "in corner": 0.3}, "question_id": 515341008, "question_type": "where is the", "sent": "Where is the toilet located?", "caption": "A white toilet sitting in a bathroom under a window."}, {"answer_type": "other", "img_id": "COCO_train2014_000000141038", "label": {"in air": 0.3, "sky": 1}, "question_id": 141038010, "question_type": "where is the", "sent": "Where is the plane?", "caption": "An airplane flying through a cloudy blue sky."}, {"answer_type": "other", "img_id": "COCO_train2014_000000567721", "label": {"mouse": 0.3, "mouth": 0.6, "on his face": 0.3}, "question_id": 567721005, "question_type": "where is the", "sent": "Where is the man's left hand?", "caption": "The man puts his left hand over his mouth."}, {"answer_type": "other", "img_id": "COCO_train2014_000000534318", "label": {"on street": 0.3, "subway": 0.3, "train": 0.3, "train station": 0.6, "yes": 0.3}, "question_id": 534318000, "question_type": "where is the", "sent": "Where is the girl standing with a suitcase?", "caption": "A woman standing with a suitcase on a train station."}, {"answer_type": "other", "img_id": "COCO_train2014_000000534366", "label": {"above stove": 1, "kitchen": 0.3, "wall": 0.3}, "question_id": 534366002, "question_type": "where is the", "sent": "Where is the microwave?", "caption": "The microwave is above the stove."}, {"answer_type": "other", "img_id": "COCO_train2014_000000534468", "label": {"at table": 0.3, "chair": 0.3, "counter": 0.3, "desk": 1, "inside": 0.3, "left side": 0.3, "stool": 0.3}, "question_id": 534468039, "question_type": "where is the", "sent": "Where is the man sitting?", "caption": "a person at a desk with a laptop and a note book"}, {"answer_type": "other", "img_id": "COCO_train2014_000000419334", "label": {"board": 0.3, "on table": 0.6, "pan": 0.3, "table": 0.6, "tray": 0.3}, "question_id": 419334002, "question_type": "where is the", "sent": "Where is the pizza placed?", "caption": "Baked pizza displayed on wooden disc on table top."}, {"answer_type": "other", "img_id": "COCO_train2014_000000403459", "label": {"living room": 0.3, "wall": 0.3}, "question_id": 403459001, "question_type": "where is the", "sent": "Where is the television?", "caption": "A television in a mostly white living room."}, {"answer_type": "other", "img_id": "COCO_train2014_000000403472", "label": {"outside": 1, "window": 0.3, "windowsill": 0.3}, "question_id": 403472011, "question_type": "where is the", "sent": "Where is the cat?", "caption": "A cat peaks in through the window from the outside. "}, {"answer_type": "yes/no", "img_id": "COCO_train2014_000000534548", "label": {"no": 1, "yes": 0.9}, "question_id": 534548001, "question_type": "are", "sent": "Are both bears standing?", "caption": "A black bear stands looking at another bear sitting on a log."}, {"answer_type": "yes/no", "img_id": "COCO_train2014_000000141376", "label": {"1": 0.3, "no": 0.3, "yes": 1}, "question_id": 141376000, "question_type": "are", "sent": "Are any apples shown?", "caption": "There is an apple in the open refrigerator."}, {"answer_type": "yes/no", "img_id": "COCO_train2014_000000141400", "label": {"yes": 1}, "question_id": 141400001, "question_type": "are", "sent": "Are all the scissors in the cup?", "caption": "A few scissors and other school supplies are in a beaker on the table."}, {"answer_type": "yes/no", "img_id": "COCO_train2014_000000534686", "label": {"no": 0.6, "yes": 1}, "question_id": 534686001, "question_type": "are", "sent": "Are those trees at the back?", "caption": "A vase with many trees in the background."}, {"answer_type": "yes/no", "img_id": "COCO_train2014_000000534808", "label": {"no": 1}, "question_id": 534808004, "question_type": "are", "sent": "Are tomatoes on the pizza?", "caption": "A pizza topped with shrimp, scallops and cheese. "}, {"answer_type": "yes/no", "img_id": "COCO_train2014_000000449896", "label": {"yes": 1}, "question_id": 449896000, "question_type": "are", "sent": "Are any of the trucks multicolored?", "caption": "Colorful trucks parked on the side of village street."}, {"answer_type": "yes/no", "img_id": "COCO_train2014_000000403746", "label": {"no": 1, "yes": 1}, "question_id": 403746000, "question_type": "are", "sent": "Are any of these plants violets?", "caption": "A red park bench next to a table with a lot of plants on display."}, {"answer_type": "yes/no", "img_id": "COCO_train2014_000000141608", "label": {"no": 1}, "question_id": 141608001, "question_type": "are", "sent": "Are all four wheels of this skateboard in contact with the ground as the picture was being taken?", "caption": "A person cocks two wheels while skateboarding."}, {"answer_type": "yes/no", "img_id": "COCO_train2014_000000141682", "label": {"no": 1, "yes": 1}, "question_id": 141682004, "question_type": "are", "sent": "Are all of these people women?", "caption": "A group of women playing a game with Nintendo Wii controllers."}, {"answer_type": "yes/no", "img_id": "COCO_train2014_000000141702", "label": {"no": 1, "yes": 0.3}, "question_id": 141702007, "question_type": "are", "sent": "Are both children wearing pajamas?", "caption": "Two young girls in jackets standing in a room together"}, {"answer_type": "yes/no", "img_id": "COCO_train2014_000000534965", "label": {"no": 1}, "question_id": 534965000, "question_type": "are", "sent": "Are theses kites higher than the monument?", "caption": "A group of people flying in  kites near a stone monument"}, {"answer_type": "yes/no", "img_id": "COCO_train2014_000000403916", "label": {"no": 1, "yes": 0.3}, "question_id": 403916004, "question_type": "are", "sent": "Are majority of the giraffes standing on grass?", "caption": "4 giraffes standing on the dirt and one on the grass."}, {"answer_type": "yes/no", "img_id": "COCO_train2014_000000260195", "label": {"yes": 1}, "question_id": 260195001, "question_type": "are", "sent": "Are her fingernails polished?", "caption": "One of the women holding a wine glass had her fingernails polished."}, {"answer_type": "yes/no", "img_id": "COCO_train2014_000000403981", "label": {"no": 1, "yes": 0.9}, "question_id": 403981000, "question_type": "are", "sent": "Are those papayas laying on the ground?", "caption": "A man sits by bunches of bananas at an outdoor market."}, {"answer_type": "yes/no", "img_id": "COCO_train2014_000000141848", "label": {"no": 1, "yes": 0.6}, "question_id": 141848004, "question_type": "are", "sent": "Are all of the windows on the train fully closed?", "caption": "One of the windows of a yellow and blue train is open."}, {"answer_type": "yes/no", "img_id": "COCO_train2014_000000141931", "label": {"no": 1, "yes": 0.6}, "question_id": 141931018, "question_type": "are", "sent": "Are those hills at the back?", "caption": "A large airplane flying in a blue sky and hills at the back."}, {"answer_type": "yes/no", "img_id": "COCO_train2014_000000141952", "label": {"1": 0.3, "yes": 1}, "question_id": 141952003, "question_type": "are", "sent": "Are any of them standing up?", "caption": "A woman standing next to a  man siting with a pizza."}, {"answer_type": "yes/no", "img_id": "COCO_train2014_000000504259", "label": {"no": 0.6, "yes": 1}, "question_id": 504259005, "question_type": "are", "sent": "Are all sheep females?", "caption": "Two sheep are hanging around on the grass"}, {"answer_type": "yes/no", "img_id": "COCO_train2014_000000504259", "label": {"yes": 1}, "question_id": 504259008, "question_type": "are", "sent": "Are all of the sheep facing the same direction?", "caption": "Two sheep facing the same direction, one standing, one sitting."}, {"answer_type": "yes/no", "img_id": "COCO_train2014_000000404140", "label": {"yes": 1}, "question_id": 404140002, "question_type": "are", "sent": "Are all the tiles the same color?", "caption": "A BATHROOM WITH WHITE TILES FLOOR TO CEILING."}, {"answer_type": "yes/no", "img_id": "COCO_train2014_000000373199", "label": {"yes": 1}, "question_id": 373199000, "question_type": "are they", "sent": "Are they wearing hats?", "caption": "Two men in chef hats making a cake together."}, {"answer_type": "yes/no", "img_id": "COCO_train2014_000000373199", "label": {"no": 0.3, "yes": 1}, "question_id": 373199001, "question_type": "are they", "sent": "Are they baking a cake?", "caption": "A boy putting icing on a cake as a man churning cream."}, {"answer_type": "yes/no", "img_id": "COCO_train2014_000000273159", "label": {"no": 1}, "question_id": 273159004, "question_type": "are they", "sent": "Are they going in opposite directions?", "caption": "Two people skiing in the same direction on a hill."}, {"answer_type": "yes/no", "img_id": "COCO_train2014_000000504284", "label": {"yes": 1}, "question_id": 504284000, "question_type": "are they", "sent": "Are they in  a park?", "caption": "Couple riding on bicycles holding hands in a park. "}, {"answer_type": "yes/no", "img_id": "COCO_train2014_000000142123", "label": {"no": 0.3, "yes": 1}, "question_id": 142123012, "question_type": "are they", "sent": "Are they wearing protective gear?", "caption": "A couple of people wearing protective gear skiing in the snow."}, {"answer_type": "yes/no", "img_id": "COCO_train2014_000000273197", "label": {"no": 1, "yes": 0.3}, "question_id": 273197002, "question_type": "are they", "sent": "Are they playing polo?", "caption": "Two women wearing blue shirts and jeans on horses outdoors."}, {"answer_type": "yes/no", "img_id": "COCO_train2014_000000273204", "label": {"no": 0.3, "yes": 1}, "question_id": 273204000, "question_type": "are they", "sent": "Are they both wearing caps?", "caption": "Some guys both wearing caps playing with a disc in the grass."}, {"answer_type": "yes/no", "img_id": "COCO_train2014_000000142168", "label": {"yes": 1}, "question_id": 142168003, "question_type": "are they", "sent": "Are they in a grassy field?", "caption": "The woman is playing Frisbee in a grassy field. "}, {"answer_type": "yes/no", "img_id": "COCO_train2014_000000576187", "label": {"no": 1}, "question_id": 576187003, "question_type": "are they", "sent": "Are they wearing red jackets?", "caption": "Two men wearing green jackets cycle thorough the streets on motorcycles. "}, {"answer_type": "yes/no", "img_id": "COCO_train2014_000000218601", "label": {"no": 1, "yes": 0.6}, "question_id": 218601006, "question_type": "are they", "sent": "Are they on a mountain?", "caption": "A giraffe lowers its long neck to inspect something on the ground."}, {"answer_type": "yes/no", "img_id": "COCO_train2014_000000438795", "label": {"no": 0.3, "yes": 1}, "question_id": 438795002, "question_type": "are they", "sent": "Are they at a circus?", "caption": "Three circus elephants performing a trick for a crowd. "}, {"answer_type": "yes/no", "img_id": "COCO_train2014_000000404554", "label": {"no": 1}, "question_id": 404554005, "question_type": "are they", "sent": "Are they sunbathing?", "caption": "Two men on the beach attempt to fly a kite."}, {"answer_type": "yes/no", "img_id": "COCO_train2014_000000111148", "label": {"no": 1}, "question_id": 111148004, "question_type": "are they", "sent": "Are they at the peak?", "caption": "A person working their way up a mountain on skis. "}, {"answer_type": "yes/no", "img_id": "COCO_train2014_000000198537", "label": {"yes": 1}, "question_id": 198537001, "question_type": "are they", "sent": "Are they playing a frisbee game?", "caption": "a group of people in a field playing frisbee"}, {"answer_type": "yes/no", "img_id": "COCO_train2014_000000404905", "label": {"no": 1}, "question_id": 404905004, "question_type": "are they", "sent": "Are they having coffee with this cake?", "caption": "A few crestless sandwhich stacked on top of one another on a plate with a glass of wine and water"}, {"answer_type": "yes/no", "img_id": "COCO_train2014_000000142779", "label": {"no": 1}, "question_id": 142779002, "question_type": "are they", "sent": "Are they riding zebras?", "caption": "A couple of people riding horses on a beach."}, {"answer_type": "yes/no", "img_id": "COCO_train2014_000000436844", "label": {"no": 1, "yes": 0.3}, "question_id": 436844026, "question_type": "are they", "sent": "Are they having fun?", "caption": "A man looks unhappy holding a glowing object in the dark."}, {"answer_type": "yes/no", "img_id": "COCO_train2014_000000536146", "label": {"no": 1, "yes": 0.9}, "question_id": 536146003, "question_type": "are they", "sent": "Are they happy?", "caption": "The two girls in the picture look unhappy."}, {"answer_type": "yes/no", "img_id": "COCO_train2014_000000142985", "label": {"yes": 1}, "question_id": 142985003, "question_type": "are they", "sent": "Are they ripe?", "caption": "A bunch of ripe bananas is placed on top of a print publication."}, {"answer_type": "yes/no", "img_id": "COCO_train2014_000000536290", "label": {"yes": 1}, "question_id": 536290002, "question_type": "are they", "sent": "Are they watching the water?", "caption": "A couple sits together on a bench watching the water. "}, {"answer_type": "yes/no", "img_id": "COCO_train2014_000000133086", "label": {"no": 1, "yes": 0.6}, "question_id": 133086033, "question_type": "are these", "sent": "Are these animals wild?", "caption": "A large grassy field with grazing sheep in it"}, {"answer_type": "yes/no", "img_id": "COCO_train2014_000000536458", "label": {"yes": 1}, "question_id": 536458002, "question_type": "are these", "sent": "Are these bags of stuffed animals?", "caption": "Stuffed animals in plastic bags on the ground"}, {"answer_type": "yes/no", "img_id": "COCO_train2014_000000143256", "label": {"no": 1, "yes": 0.6}, "question_id": 143256000, "question_type": "are these", "sent": "Are these the Berenstain Bears?", "caption": "A bunch of different kinds of stuffed animals inside a window. "}, {"answer_type": "yes/no", "img_id": "COCO_train2014_000000143256", "label": {"yes": 1}, "question_id": 143256006, "question_type": "are these", "sent": "Are these stuffed animals inside?", "caption": "A collection of stuffed animals is sitting behind a glass window."}, {"answer_type": "yes/no", "img_id": "COCO_train2014_000000143331", "label": {"no": 1, "yes": 1}, "question_id": 143331003, "question_type": "are these", "sent": "Are these painting too low on the wall?", "caption": "This is a living room with art on the walls and a TV."}, {"answer_type": "yes/no", "img_id": "COCO_train2014_000000286033", "label": {"no": 1}, "question_id": 286033001, "question_type": "are these", "sent": "Are these men wearing neckties?", "caption": "A man in a sweater and a man in a jacket are watching TV."}, {"answer_type": "yes/no", "img_id": "COCO_train2014_000000536570", "label": {"no": 1}, "question_id": 536570004, "question_type": "are these", "sent": "Are these people getting exercise while playing this video game?", "caption": "A man sits on a couch with a child holding a remote"}, {"answer_type": "yes/no", "img_id": "COCO_train2014_000000536626", "label": {"no": 1, "yes": 1}, "question_id": 536626007, "question_type": "are these", "sent": "Are these cows Dairy cows?", "caption": "a group of cows stand in a grass area "}, {"answer_type": "yes/no", "img_id": "COCO_train2014_000000405612", "label": {"no": 1}, "question_id": 405612000, "question_type": "are these", "sent": "Are these people holding ski poles?", "caption": "A group of people skiing down a mountain without ski poles."}, {"answer_type": "yes/no", "img_id": "COCO_train2014_000000143470", "label": {"yes": 1}, "question_id": 143470002, "question_type": "are these", "sent": "Are these vegetables?", "caption": "A plate filled with pasta and broccoli on a table."}, {"answer_type": "yes/no", "img_id": "COCO_train2014_000000274736", "label": {"yes": 1}, "question_id": 274736000, "question_type": "are these", "sent": "Are these vases?", "caption": "A group of vases of different colors containing multiple strings."}, {"answer_type": "yes/no", "img_id": "COCO_train2014_000000536926", "label": {"yes": 1}, "question_id": 536926000, "question_type": "are these", "sent": "Are these people indoors?", "caption": "A person that is doing a skateboard trick indoors."}, {"answer_type": "yes/no", "img_id": "COCO_train2014_000000536960", "label": {"no": 1, "yes": 1}, "question_id": 536960001, "question_type": "are these", "sent": "Are these bottles open?", "caption": "Two unopened bottles of wine on the bar."}, {"answer_type": "other", "img_id": "COCO_train2014_000000143797", "label": {"children": 1}, "question_id": 143797004, "question_type": "are these", "sent": "Are these adults or children?", "caption": "Two small kids on skis on the slopes "}, {"answer_type": "yes/no", "img_id": "COCO_train2014_000000537055", "label": {"no": 1}, "question_id": 537055008, "question_type": "are these", "sent": "Are these people underneath an umbrella?", "caption": "Two people eating hot dogs are photographed in the sun."}, {"answer_type": "yes/no", "img_id": "COCO_train2014_000000406056", "label": {"no": 1}, "question_id": 406056007, "question_type": "are these", "sent": "Are these horses near a town?", "caption": "Several elephants are standing in an open field with a cloudy sky."}, {"answer_type": "other", "img_id": "COCO_train2014_000000406056", "label": {"cow": 0.3, "elephants": 0.6, "horses": 0.3, "neither": 1, "no": 0.3}, "question_id": 406056011, "question_type": "are these", "sent": "Are these sheep or goats?", "caption": "Elephants walking through a wide valley under a cloudy sky."}, {"answer_type": "yes/no", "img_id": "COCO_train2014_000000275046", "label": {"no": 0.6, "yes": 1}, "question_id": 275046011, "question_type": "are these", "sent": "Are these young elephants?", "caption": "Two grey elephants and one is walking up to a man."}, {"answer_type": "yes/no", "img_id": "COCO_train2014_000000406121", "label": {"no": 1, "yes": 0.3}, "question_id": 406121001, "question_type": "are these", "sent": "Are these pastries for sale?", "caption": "A woman and a boy sit in front of lots of homemade cupcakes."}, {"answer_type": "yes/no", "img_id": "COCO_train2014_000000482756", "label": {"5": 0.3, "yes": 1}, "question_id": 482756002, "question_type": "are these", "sent": "Are these animals real?", "caption": "A fence surrounds a group of sheep on a farm."}]