[{"answer_type": "other", "img_id": "COCO_train2014_000000131075", "label": {"website": 0.3}, "question_id": 131075010, "question_type": "what is on the", "sent": "What is on the display?", "caption": "A dark room with a website on a large monitor on the wall."}, {"answer_type": "other", "img_id": "COCO_train2014_000000131075", "label": {"computer": 0.6, "desktop": 0.3}, "question_id": 131075013, "question_type": "what is on the", "sent": "What is on the TV screen?", "caption": "Open laptop on table with laptop screen projected on overhead screen."}, {"answer_type": "other", "img_id": "COCO_train2014_000000393290", "label": {"necklace": 1, "nothing": 0.3}, "question_id": 393290000, "question_type": "what is on the", "sent": "What is on the woman's neck?", "caption": " A woman with a neckace on her neck carrying a pizza on a plate."}, {"answer_type": "other", "img_id": "COCO_train2014_000000524386", "label": {"circles": 0.6, "rug": 1, "spots": 0.3}, "question_id": 524386006, "question_type": "what is on the", "sent": "What is on the carpet?", "caption": "A living room with paintings, two sofas, television, and a rug."}, {"answer_type": "other", "img_id": "COCO_train2014_000000393375", "label": {"cupcake": 1}, "question_id": 393375002, "question_type": "what is on the", "sent": "What is on the plate?", "caption": "A cupcake sitting a small white plate on a desk."}, {"answer_type": "other", "img_id": "COCO_train2014_000000262389", "label": {"bird": 1, "parrot": 0.6}, "question_id": 262389001, "question_type": "what is on the", "sent": "What is on the handlebars?", "caption": "a man on a motorcycle with a parrot on the handlebar "}, {"answer_type": "other", "img_id": "COCO_train2014_000000393480", "label": {"skier": 0.3, "snow": 1}, "question_id": 393480004, "question_type": "what is on the", "sent": "What is on the ground?", "caption": "A skier sits on the ground covered with snow."}, {"answer_type": "other", "img_id": "COCO_train2014_000000393542", "label": {"flowers": 1}, "question_id": 393542006, "question_type": "what is on the", "sent": "What is on the back of the bike?", "caption": "A teddy bear sits on a bicycle with flowers on the back seat."}, {"answer_type": "other", "img_id": "COCO_train2014_000000524623", "label": {"cap": 0.3, "goggles": 0.3, "hat": 0.3, "helmet": 1}, "question_id": 524623003, "question_type": "what is on the", "sent": "What is on the man's head?", "caption": "A man with a helmet on his head carries ski equipment."}, {"answer_type": "other", "img_id": "COCO_train2014_000000152974", "label": {"snow": 1}, "question_id": 152974002, "question_type": "what is on the", "sent": "What is on the mountain tops?", "caption": "A plane with a propeller sits on a runway beneath snow-covered mountains."}, {"answer_type": "other", "img_id": "COCO_train2014_000000393611", "label": {"pig": 1, "straw": 0.6}, "question_id": 393611000, "question_type": "what is on the", "sent": "What is on the ground in the cave?", "caption": "A black hog eating hay in the cave as a curious cat looks on."}, {"answer_type": "other", "img_id": "COCO_train2014_000000393649", "label": {"backpack": 1}, "question_id": 393649000, "question_type": "what is on the", "sent": "What is on the man's back?", "caption": "A man with a backpack walks along the pier with an electronic device."}, {"answer_type": "other", "img_id": "COCO_train2014_000000393699", "label": {"snow": 1, "snowboard": 0.3}, "question_id": 393699000, "question_type": "what is on the", "sent": "What is on the ground?", "caption": " A man riding a snowboard down a snow covered ground."}, {"answer_type": "other", "img_id": "COCO_train2014_000000393719", "label": {"books": 0.3, "magazines": 1, "paper": 0.3}, "question_id": 393719000, "question_type": "what is on the", "sent": "What is on the table?", "caption": "A very dimly lit living room,a magazines on the desk."}, {"answer_type": "other", "img_id": "COCO_train2014_000000393738", "label": {"black": 0.3, "snowboard": 1}, "question_id": 393738003, "question_type": "what is on the", "sent": "What is on the man's feet?", "caption": "A man racing down the side of a mountain riding a snowboard."}, {"answer_type": "other", "img_id": "COCO_train2014_000000262704", "label": {"floral": 0.3, "flowers": 1, "multi colored": 0.3}, "question_id": 262704001, "question_type": "what is on the", "sent": "What is on the cover of the journal?", "caption": "On a bed, there are magazines with flower covers, pens, pencils, cameras and other items."}, {"answer_type": "other", "img_id": "COCO_train2014_000000109324", "label": {"glove": 1}, "question_id": 109324001, "question_type": "what is on the", "sent": "What is on the left hand?", "caption": "A young skier admiring the view from a snowy mountain top."}, {"answer_type": "other", "img_id": "COCO_train2014_000000284098", "label": {"glasses": 1, "sunglasses": 1}, "question_id": 284098009, "question_type": "what is on the", "sent": "What is on the person's face?", "caption": "A man wearing sunglasses snowboards down a hillside."}, {"answer_type": "other", "img_id": "COCO_train2014_000000524406", "label": {"vase": 1}, "question_id": 524406000, "question_type": "what is on the", "sent": "What is on the window sill?", "caption": "A flower pot on a chair and a vase on the window sill."}, {"answer_type": "other", "img_id": "COCO_train2014_000000262954", "label": {"computers": 0.6, "laptop": 1}, "question_id": 262954000, "question_type": "what is on the", "sent": "What is on the table?", "caption": "An empty kitchen with a computer monitor and laptop sitting on a table. "}]