[{"answer_type": "other", "img_id": "COCO_train2014_000000157125", "label": {"3": 0.3, "boredom": 0.3, "posing": 0.3, "talking": 0.3}, "question_id": 157125001, "question_type": "why", "sent": "Why are these people on their cell phones?", "caption": "Four young guys sitting on a dock with their feet hanging over talking on cellphones."}, {"answer_type": "other", "img_id": "COCO_train2014_000000262705", "label": {"night": 0.9, "night time": 0.9, "nighttime": 0.3, "yes": 0.3}, "question_id": 262705000, "question_type": "why", "sent": "Why is it dark?", "caption": "A person skis down a hill at night. "}, {"answer_type": "other", "img_id": "COCO_train2014_000000393922", "label": {"turn": 0.3}, "question_id": 393922005, "question_type": "why", "sent": "Why does the sign say SLOW?", "caption": "A left arrow with the word \"France\" next to a \"slow\" sign."}, {"answer_type": "other", "img_id": "COCO_train2014_000000525015", "label": {"balance": 0.6, "for balance": 0.6, "skiing": 0.6}, "question_id": 525015000, "question_type": "why", "sent": "Why is he using ski poles?", "caption": "There is a man skiing on the snow with ski poles for balance."}, {"answer_type": "other", "img_id": "COCO_train2014_000000393985", "label": {"it's raining": 0.6, "rain": 0.6, "raining": 1}, "question_id": 393985001, "question_type": "why", "sent": "Why are these people carrying umbrellas?", "caption": "People are walking across the street with umbrellas in the rain."}, {"answer_type": "other", "img_id": "COCO_train2014_000000525180", "label": {"cooking": 0.6, "working": 0.3, "yes": 0.6}, "question_id": 525180001, "question_type": "why", "sent": "Why are the men wearing aprons?", "caption": "Three men in aprons cooking and preparing food in the kitchen."}, {"answer_type": "other", "img_id": "COCO_train2014_000000525300", "label": {"protection": 0.3, "safety": 0.6}, "question_id": 525300001, "question_type": "why", "sent": "Why do they wear head protection?", "caption": "Little boy swinging a baseball bat on the field wearing a helmet for safety."}, {"answer_type": "other", "img_id": "COCO_train2014_000000394286", "label": {"jumping": 0.9, "yes": 0.3}, "question_id": 394286005, "question_type": "why", "sent": "Why do the woman's feet seem to be off of the ground?", "caption": "A tennis player is jumping in the air to hit the tennis ball. "}, {"answer_type": "other", "img_id": "COCO_train2014_000000528147", "label": {"dusk": 0.3, "lighting": 0.6, "no light": 0.3}, "question_id": 528147000, "question_type": "why", "sent": "Why does the picture appear so dark?", "caption": "A small dark kitchen with no lights on."}, {"answer_type": "other", "img_id": "COCO_train2014_000000109156", "label": {"eating": 1, "grazing": 0.6}, "question_id": 109156000, "question_type": "why", "sent": "Why are the animal's heads down?", "caption": "Three horses are grazing outside in the snow."}, {"answer_type": "other", "img_id": "COCO_train2014_000000525640", "label": {"art": 0.3, "decoration": 0.9, "toy": 0.3, "yes": 0.3}, "question_id": 525640002, "question_type": "why", "sent": "Why is there a sticker on this banana?", "caption": "A banana that has been decorated in a funny costume."}, {"answer_type": "other", "img_id": "COCO_train2014_000000132549", "label": {"camouflage": 0.3, "don't know": 0.3}, "question_id": 132549000, "question_type": "why", "sent": "Why is this bird feather black?", "caption": "Black and red bird standing in front of a caged in area. "}, {"answer_type": "other", "img_id": "COCO_train2014_000000132654", "label": {"photo": 0.3, "reflection": 0.6}, "question_id": 132654003, "question_type": "why", "sent": "Why are the cat's eyes red?", "caption": "A kitten's eyes reflect red next to a bowl."}, {"answer_type": "other", "img_id": "COCO_train2014_000000202523", "label": {"parked": 1, "unknown": 0.3}, "question_id": 202523001, "question_type": "why", "sent": "Why is this truck stopped?", "caption": "A blue ruck parked in a parking space next to other cars."}, {"answer_type": "other", "img_id": "COCO_train2014_000000263873", "label": {"winter": 1, "yes": 0.3}, "question_id": 263873005, "question_type": "why", "sent": "Why are the mountains covered with snow?", "caption": "A variety of people skiing on a hill with snow in winter."}, {"answer_type": "other", "img_id": "COCO_train2014_000000394975", "label": {"i don't know": 0.3, "old": 0.6}, "question_id": 394975001, "question_type": "why", "sent": "Why are the objects obsolete?", "caption": "A pile of old TVs sitting next to a brick building."}, {"answer_type": "other", "img_id": "COCO_train2014_000000133565", "label": {"circle": 0.3, "dark": 0.3, "green": 0.3, "sad": 0.3, "staring": 0.3, "tired": 0.3}, "question_id": 133565003, "question_type": "why", "sent": "Why does its pupils look like that?", "caption": "A large black cat sleeping on top of a bed."}, {"answer_type": "other", "img_id": "COCO_train2014_000000132973", "label": {"boxing": 0.3, "cool": 0.3, "for fun": 0.9}, "question_id": 132973001, "question_type": "why", "sent": "Why is she playing Wii?", "caption": "A little girl is playing Wii alone for fun."}, {"answer_type": "other", "img_id": "COCO_train2014_000000395142", "label": {"decoration": 1, "don't know": 0.3, "photoshop": 0.6}, "question_id": 395142002, "question_type": "why", "sent": "Why is a man's head on the wall?", "caption": "Decoration of a man's head in a bathroom cubicle."}, {"answer_type": "other", "img_id": "COCO_train2014_000000264436", "label": {"safety": 0.6, "swimming": 0.3, "yes": 0.3}, "question_id": 264436002, "question_type": "why", "sent": "Why does this dog wear a vest?", "caption": "Dog holding a surfboard in the water wearing a vest for safety."}, {"answer_type": "yes/no", "img_id": "COCO_train2014_000000526601", "label": {"no": 1}, "question_id": 526601003, "question_type": "do you", "sent": "Do you think they are boat racing?", "caption": "BOATING ON A PRETTY BLUE OCEAN WHILE VIEWING THE MOUNTAINS"}, {"answer_type": "yes/no", "img_id": "COCO_train2014_000000526840", "label": {"yes": 1}, "question_id": 526840016, "question_type": "do you", "sent": "Do you see any trees in the photo?", "caption": "A flock of sheep grazing in tall grass with lots of trees in the background."}, {"answer_type": "yes/no", "img_id": "COCO_train2014_000000264709", "label": {"no": 0.3, "yes": 1}, "question_id": 264709002, "question_type": "do you", "sent": "Do you need a chopstick?", "caption": "A big green table with some food, drinks and chopsticks on it."}, {"answer_type": "yes/no", "img_id": "COCO_train2014_000000264712", "label": {"yes": 1}, "question_id": 264712000, "question_type": "do you", "sent": "Do you see rice?", "caption": "Plates of food consisting of different meats and some rice. "}]