[{"answer_type": "other", "img_id": "COCO_train2014_000000131074", "label": {"purse": 1}, "question_id": 131074004, "question_type": "what is", "sent": "What is sitting on the bench?", "caption": "A purse sits on the bench beside the large beds."}, {"answer_type": "other", "img_id": "COCO_train2014_000000393230", "label": {"pole": 0.3, "poles": 1, "ski pole": 0.3, "ski poles": 0.6, "skis": 0.3}, "question_id": 393230009, "question_type": "what is", "sent": "What is she holding?", "caption": "A man is skiing with ski poles."}, {"answer_type": "other", "img_id": "COCO_train2014_000000131075", "label": {"ceiling": 1, "tiles": 0.3, "vent": 1}, "question_id": 131075009, "question_type": "what is", "sent": "What is above the TV?", "caption": "A dark room with a big monitor on the wall."}, {"answer_type": "other", "img_id": "COCO_train2014_000000524377", "label": {"bacon": 0.3, "food": 0.3, "hot dog": 1}, "question_id": 524377054, "question_type": "what is", "sent": "What is mainly featured?", "caption": "A hot dog or sausage in a bun with bowl containing condiment and bacon on the side."}, {"answer_type": "other", "img_id": "COCO_train2014_000000131190", "label": {"building": 1, "bushes": 0.3, "grass": 0.9, "house": 0.3, "leaves": 0.3}, "question_id": 131190020, "question_type": "what is", "sent": "What is around the tree?", "caption": "A building with red bricks is around the tree."}, {"answer_type": "other", "img_id": "COCO_train2014_000000436929", "label": {"fish": 0.3, "foam": 0.6, "fog": 0.3, "ice": 1, "nothing": 0.3, "water": 0.3}, "question_id": 436929000, "question_type": "what is", "sent": "What is floating near the bird?", "caption": "Two small birds perched on the edge of the ice"}, {"answer_type": "other", "img_id": "COCO_train2014_000000524486", "label": {"hot dogs": 1}, "question_id": 524486000, "question_type": "what is", "sent": "What is he cooking?", "caption": "A man cooks hot dogs on a very large grill"}, {"answer_type": "other", "img_id": "COCO_train2014_000000474858", "label": {"sailboat": 0.3, "sand": 0.3, "surfboard": 1, "surfboards": 0.6}, "question_id": 474858009, "question_type": "what is", "sent": "What is lying on the ground?", "caption": "A man stands on the beach with a surfboard lying on it."}, {"answer_type": "other", "img_id": "COCO_train2014_000000262415", "label": {"bus": 1, "land": 0.3, "road": 0.3, "school bus": 0.9}, "question_id": 262415002, "question_type": "what is", "sent": "What is behind the mirror?", "caption": "A rear view mirror shows a reflection of a school bus."}, {"answer_type": "other", "img_id": "COCO_train2014_000000131373", "label": {"horse": 1}, "question_id": 131373003, "question_type": "what is", "sent": "What is running across the beach?", "caption": "A person riding a horse is running across the beach."}, {"answer_type": "other", "img_id": "COCO_train2014_000000131374", "label": {"fire": 0.6, "grill": 1}, "question_id": 131374002, "question_type": "what is", "sent": "What is causing the smoke?", "caption": "People gathered on the beach near the smoking grill."}, {"answer_type": "other", "img_id": "COCO_train2014_000000283704", "label": {"flying kite": 0.6, "kite flying": 0.3, "kitesurfing": 0.3, "parasailing": 1}, "question_id": 283704003, "question_type": "what is", "sent": "What is he doing?", "caption": "A group of people parasailing in the ocean on a nice day. "}, {"answer_type": "other", "img_id": "COCO_train2014_000000262465", "label": {"snow": 1}, "question_id": 262465001, "question_type": "what is", "sent": "What is on top of the skis?", "caption": "The skis are covered with very thick snow."}, {"answer_type": "other", "img_id": "COCO_train2014_000000262465", "label": {"skis": 1}, "question_id": 262465002, "question_type": "what is", "sent": "What is attached to the person's feet?", "caption": "Person in skis on skis in the snow."}, {"answer_type": "other", "img_id": "COCO_train2014_000000505583", "label": {"city": 0.6, "town": 1, "yes": 0.3}, "question_id": 505583001, "question_type": "what is", "sent": "What is Bristol?", "caption": "A Bristrol sign is placed near the building. "}, {"answer_type": "other", "img_id": "COCO_train2014_000000524649", "label": {"hot sauce": 1, "juice": 0.6, "ketchup": 0.3, "sauce": 0.9}, "question_id": 524649004, "question_type": "what is", "sent": "What is being taken out of the fridge?", "caption": "A little girl grabbing hot sauce out of a refrigerator."}, {"answer_type": "other", "img_id": "COCO_train2014_000000524651", "label": {"snow": 1, "white": 0.3}, "question_id": 524651008, "question_type": "what is", "sent": "What is covering the ground?", "caption": "Two people on a snow covered the ground."}, {"answer_type": "other", "img_id": "COCO_train2014_000000262508", "label": {"ball": 0.6, "baseball": 1, "nothing": 0.9}, "question_id": 262508012, "question_type": "what is", "sent": "What is he throwing?", "caption": "two little league players talking to each other in the outfield "}, {"answer_type": "other", "img_id": "COCO_train2014_000000131450", "label": {"footprints": 0.3, "person": 0.3, "skier": 0.6, "sun": 0.3, "tree": 0.6}, "question_id": 131450006, "question_type": "what is", "sent": "What is causing the shadows on the snow?", "caption": "A street that is covered in snow and a person is traveling on the sidewalk area with snow skis and ski poles."}, {"answer_type": "other", "img_id": "COCO_train2014_000000131470", "label": {"cell phone": 0.3, "phone": 1}, "question_id": 131470002, "question_type": "what is", "sent": "What is placed on the newspaper in the picture?", "caption": "A blackened breakfast sandwich sits alongside a cup of coffee, phone and newspaper."}, {"answer_type": "number", "img_id": "COCO_train2014_000000305901", "label": {"2": 1}, "question_id": 305901002, "question_type": "how many people are in", "sent": "How many people are in this picture?", "caption": "One person is standing next to another with a large mobile phone."}, {"answer_type": "number", "img_id": "COCO_train2014_000000262688", "label": {"2": 0.3, "3": 1, "6": 0.3, "7": 0.3}, "question_id": 262688022, "question_type": "how many people are in", "sent": "How many people are in the photo?", "caption": "Three people are on snow skis on flat ground."}, {"answer_type": "number", "img_id": "COCO_train2014_000000262705", "label": {"1": 1}, "question_id": 262705003, "question_type": "how many people are in", "sent": "How many people are in this picture?", "caption": "A young person skiing down a snowy hill."}, {"answer_type": "number", "img_id": "COCO_train2014_000000131721", "label": {"2": 1}, "question_id": 131721001, "question_type": "how many people are in", "sent": "How many people are in the water?", "caption": "A man stands in the ocean behind a boy that is body boarding. "}, {"answer_type": "number", "img_id": "COCO_train2014_000000131742", "label": {"1": 1, "2": 0.3}, "question_id": 131742008, "question_type": "how many people are in", "sent": "How many people are in this picture?", "caption": "A man is standing in a field under a blue sky."}, {"answer_type": "number", "img_id": "COCO_train2014_000000262884", "label": {"2": 1, "3": 0.3}, "question_id": 262884005, "question_type": "how many people are in", "sent": "How many people are in the picture?", "caption": "A woman prepares to swing a tennis ball, with the referee sitting behind her."}]