[{"answer_type": "other", "img_id": "COCO_train2014_000000131197", "label": {"petting": 0.6}, "question_id": 131197000, "question_type": "what is the woman", "sent": "What is the woman doing in this photo?", "caption": "A woman is petting a sheep in a pen."}, {"answer_type": "other", "img_id": "COCO_train2014_000000524476", "label": {"dog": 0.3, "hair dryer": 1, "puppy": 0.3}, "question_id": 524476002, "question_type": "what is the woman", "sent": "What is the woman holding?", "caption": "A couple of women kneeling down next to a cat with a blow dryer."}, {"answer_type": "other", "img_id": "COCO_train2014_000000131366", "label": {"skirt": 0.9}, "question_id": 131366023, "question_type": "what is the woman", "sent": "What is the woman wearing?", "caption": "A group of women in skirt holding tennis racquets and posing for a photo."}, {"answer_type": "other", "img_id": "COCO_train2014_000000524679", "label": {"bike": 1, "handlebars": 0.6, "nothing": 0.3}, "question_id": 524679002, "question_type": "what is the woman", "sent": "What is the woman holding?", "caption": "A person riding a very high bike on the road."}, {"answer_type": "other", "img_id": "COCO_train2014_000000525075", "label": {"bag": 1}, "question_id": 525075002, "question_type": "what is the woman", "sent": "What is the woman in black carrying?", "caption": "The woman in black behind the telephone pole is carrying a bag."}, {"answer_type": "other", "img_id": "COCO_train2014_000000371511", "label": {"playing tennis": 1, "serving": 0.3, "tennis": 0.6}, "question_id": 371511002, "question_type": "what is the woman", "sent": "What is the woman doing?", "caption": "A man is playing tennis on the court."}, {"answer_type": "other", "img_id": "COCO_train2014_000000394071", "label": {"bench": 1, "chair": 1}, "question_id": 394071005, "question_type": "what is the woman", "sent": "What is the woman sitting on?", "caption": "A woman sitting on top of a wooden bench in a park."}, {"answer_type": "other", "img_id": "COCO_train2014_000000525179", "label": {"dancing": 0.3, "looking": 0.3, "standing": 1}, "question_id": 525179000, "question_type": "what is the woman", "sent": "What is the woman doing?", "caption": "A man and woman standing by a table with a layered cake."}, {"answer_type": "other", "img_id": "COCO_train2014_000000263212", "label": {"taking photo": 0.3, "taking picture": 1, "texting": 0.3}, "question_id": 263212001, "question_type": "what is the woman", "sent": "What is the woman doing?", "caption": "A woman setting at a table with a laptop in front of her taking a picture with her cell phone as others in the room watch."}, {"answer_type": "other", "img_id": "COCO_train2014_000000132294", "label": {"cat": 1}, "question_id": 132294000, "question_type": "what is the woman", "sent": "What is the woman carrying?", "caption": "A lady is carrying a cat in her arms like a baby."}, {"answer_type": "other", "img_id": "COCO_train2014_000000263418", "label": {"posing": 0.6}, "question_id": 263418000, "question_type": "what is the woman", "sent": "What is the woman doing?", "caption": "A woman is posing on skis while inside a room."}, {"answer_type": "other", "img_id": "COCO_train2014_000000525580", "label": {"bat": 0.9, "board": 0.3, "stick": 1, "wood": 0.6}, "question_id": 525580002, "question_type": "what is the woman", "sent": "What is the woman holding in her hand?", "caption": "A woman swings a stick as a man watches."}, {"answer_type": "other", "img_id": "COCO_train2014_000000394539", "label": {"black": 1, "tank top": 0.6, "towel": 0.3}, "question_id": 394539000, "question_type": "what is the woman", "sent": "What is the woman top?", "caption": "Teenage girl in a black top holds a baseball bat."}, {"answer_type": "other", "img_id": "COCO_train2014_000000394547", "label": {"bicycle": 0.9, "bike": 1}, "question_id": 394547010, "question_type": "what is the woman", "sent": "What is the woman riding?", "caption": "A woman at the circus ridding a bicycle on a high wired holding an umbrella."}, {"answer_type": "other", "img_id": "COCO_train2014_000000568203", "label": {"racket": 1, "racquet": 0.3, "tennis court": 0.3, "tennis racket": 0.9, "tennis racquet": 0.3}, "question_id": 568203002, "question_type": "what is the woman", "sent": "What is the woman holding on the tennis court?", "caption": "A tennis player swinging her racket during a match."}, {"answer_type": "other", "img_id": "COCO_train2014_000000525684", "label": {"paddling": 0.3, "surfing": 1}, "question_id": 525684001, "question_type": "what is the woman", "sent": "What is the woman doing?", "caption": "A woman surfboarding in to the ocean."}, {"answer_type": "other", "img_id": "COCO_train2014_000000394658", "label": {"apple": 0.6, "apples": 0.9, "lemon": 0.3, "lime": 0.6, "limes": 0.6}, "question_id": 394658000, "question_type": "what is the woman", "sent": "What is the woman cutting?", "caption": "A woman with a knife that is cutting apples."}, {"answer_type": "other", "img_id": "COCO_train2014_000000263764", "label": {"beer": 0.6, "bottle": 0.6, "salt": 0.3, "towel": 0.3}, "question_id": 263764050, "question_type": "what is the woman", "sent": "What is the woman standing up holding?", "caption": "A woman drinking a beer standing in a kitchen."}, {"answer_type": "other", "img_id": "COCO_train2014_000000393553", "label": {"listening": 0.3, "looking": 0.3, "standing": 1, "waiting": 0.3}, "question_id": 393553025, "question_type": "what is the woman", "sent": "What is the woman in red doing?", "caption": "A woman in red is standing behind a car."}, {"answer_type": "other", "img_id": "COCO_train2014_000000264309", "label": {"camera": 1, "phone": 0.6}, "question_id": 264309003, "question_type": "what is the woman", "sent": "What is the woman holding?", "caption": "A woman holding up a camera with a smile on her face."}, {"answer_type": "yes/no", "img_id": "COCO_train2014_000000395851", "label": {"yes": 1}, "question_id": 395851002, "question_type": "is this person", "sent": "Is this person happy?", "caption": "A woman laughing and messing with a blender. "}, {"answer_type": "yes/no", "img_id": "COCO_train2014_000000153397", "label": {"no": 1}, "question_id": 153397007, "question_type": "is this person", "sent": "Is this person wearing shorts?", "caption": "A man in tights stands on a surfboard in the water."}, {"answer_type": "yes/no", "img_id": "COCO_train2014_000000493293", "label": {"lake": 0.3, "no": 1}, "question_id": 493293002, "question_type": "is this person", "sent": "Is this person snowboarding?", "caption": "a man holding the rope with one hand as he waterskiis in the water "}, {"answer_type": "yes/no", "img_id": "COCO_train2014_000000396354", "label": {"no": 0.3, "yes": 1}, "question_id": 396354007, "question_type": "is this person", "sent": "Is this person wearing a shirt with sleeves?", "caption": "A man in a white sleeved shirt holds a bat in the park."}, {"answer_type": "yes/no", "img_id": "COCO_train2014_000000134362", "label": {"yes": 1}, "question_id": 134362000, "question_type": "is this person", "sent": "Is this person on the beach flying a kite?", "caption": "A young boy standing on a beach flying a colorful kite."}, {"answer_type": "yes/no", "img_id": "COCO_train2014_000000306384", "label": {"no": 0.3, "yes": 1}, "question_id": 306384003, "question_type": "is this person", "sent": "Is this person standing?", "caption": "A person in the ocean standing on a paddle board. "}, {"answer_type": "yes/no", "img_id": "COCO_train2014_000000396812", "label": {"yes": 1}, "question_id": 396812001, "question_type": "is this person", "sent": "Is this person kicking up dirt?", "caption": "A hand with a tennis racquet and a leg with a blue shoe digging into the red dirt."}, {"answer_type": "yes/no", "img_id": "COCO_train2014_000000396852", "label": {"no": 1}, "question_id": 396852001, "question_type": "is this person", "sent": "Is this person wearing a helmet?", "caption": "A skier with a beanie smiling while skiing."}, {"answer_type": "yes/no", "img_id": "COCO_train2014_000000134832", "label": {"no": 1, "yes": 0.9}, "question_id": 134832000, "question_type": "is this person", "sent": "Is this person elderly?", "caption": "A woman outside with an umbrella riding a motor cart. "}, {"answer_type": "yes/no", "img_id": "COCO_train2014_000000397064", "label": {"no": 1}, "question_id": 397064005, "question_type": "is this person", "sent": "Is this person serving?", "caption": "A woman is playing tennis at the tennis court. "}, {"answer_type": "yes/no", "img_id": "COCO_train2014_000000397526", "label": {"no": 1, "yes": 0.3}, "question_id": 397526002, "question_type": "is this person", "sent": "Is this person wearing any safety gear?", "caption": "A person slides a skateboard along the handrail without safety gear."}, {"answer_type": "other", "img_id": "COCO_train2014_000000266469", "label": {"moving": 0.3, "standing": 0.3, "standing still": 1, "still": 0.3}, "question_id": 266469010, "question_type": "is this person", "sent": "Is this person moving or standing still?", "caption": "two guys looking back standing in skis and holding ski poles"}, {"answer_type": "yes/no", "img_id": "COCO_train2014_000000528621", "label": {"no": 1}, "question_id": 528621002, "question_type": "is this person", "sent": "Is this person touching the ground?", "caption": "there is a snowboarder in the air on a hill"}, {"answer_type": "yes/no", "img_id": "COCO_train2014_000000135412", "label": {"yes": 1}, "question_id": 135412001, "question_type": "is this person", "sent": "Is this person working?", "caption": "A traffic officer in an intersection directing several white transport buses in a city."}, {"answer_type": "yes/no", "img_id": "COCO_train2014_000000397645", "label": {"yes": 1}, "question_id": 397645004, "question_type": "is this person", "sent": "Is this person an adult?", "caption": "A man has his face in an open refrigerator."}, {"answer_type": "yes/no", "img_id": "COCO_train2014_000000528788", "label": {"yes": 1}, "question_id": 528788004, "question_type": "is this person", "sent": "Is this person in the bathroom?", "caption": "A man in a bathroom taking a picture of himself brushing his teeth."}, {"answer_type": "yes/no", "img_id": "COCO_train2014_000000292585", "label": {"no": 0.3, "yes": 1}, "question_id": 292585006, "question_type": "is this person", "sent": "Is this person crossing the street?", "caption": "A woman carrying a red umbrella crossing the street."}, {"answer_type": "yes/no", "img_id": "COCO_train2014_000000529283", "label": {"no": 1}, "question_id": 529283000, "question_type": "is this person", "sent": "Is this person having a nightmare?", "caption": "a girl laying on a bed with her feet in a suitcase"}, {"answer_type": "yes/no", "img_id": "COCO_train2014_000000398287", "label": {"no": 1}, "question_id": 398287000, "question_type": "is this person", "sent": "Is this person dressed as a professional player?", "caption": "A man in suit that is standing on a tennis court with a racquet."}, {"answer_type": "yes/no", "img_id": "COCO_train2014_000000529376", "label": {"yes": 1}, "question_id": 529376014, "question_type": "is this person", "sent": "Is this person wearing an apron?", "caption": "A woman wearing an apron preparing food in a restaurant kitchen."}, {"answer_type": "yes/no", "img_id": "COCO_train2014_000000267454", "label": {"no": 1}, "question_id": 267454014, "question_type": "can you", "sent": "Can you see any cars?", "caption": "A green edge along the water with a flock of bird in the sky."}, {"answer_type": "yes/no", "img_id": "COCO_train2014_000000398540", "label": {"no": 1, "yes": 0.6}, "question_id": 398540002, "question_type": "can you", "sent": "Can you see a shadow?", "caption": "Three zebras are standing in the tall grass."}, {"answer_type": "yes/no", "img_id": "COCO_train2014_000000398540", "label": {"no": 1}, "question_id": 398540009, "question_type": "can you", "sent": "Can you keep these animals as pets?", "caption": "A large group of zebra on a grass field."}, {"answer_type": "yes/no", "img_id": "COCO_train2014_000000398674", "label": {"no": 1, "yes": 1}, "question_id": 398674002, "question_type": "can you", "sent": "Can you see the sky?", "caption": "The blue sky is reflected in the windows of the house."}, {"answer_type": "yes/no", "img_id": "COCO_train2014_000000437817", "label": {"yes": 1}, "question_id": 437817002, "question_type": "can you", "sent": "Can you see a white balloon?", "caption": "A group of elderly women sitting at a table outdoors with balloons at the table."}, {"answer_type": "yes/no", "img_id": "COCO_train2014_000000437817", "label": {"yes": 1}, "question_id": 437817003, "question_type": "can you", "sent": "Can you see a blue balloon?", "caption": "Celebrate with blue balloons and a lot of people at a table."}, {"answer_type": "yes/no", "img_id": "COCO_train2014_000000398713", "label": {"no": 1}, "question_id": 398713003, "question_type": "can you", "sent": "Can you see the animal's tongue?", "caption": "A giraffe standing and chewing a mouthful of food."}, {"answer_type": "yes/no", "img_id": "COCO_train2014_000000529871", "label": {"yes": 1}, "question_id": 529871000, "question_type": "can you", "sent": "Can you sit on this bench?", "caption": "A black and white image of a bench in a forest."}, {"answer_type": "yes/no", "img_id": "COCO_train2014_000000529910", "label": {"no": 1, "yes": 1}, "question_id": 529910000, "question_type": "can you", "sent": "Can you see a ramp in the picture?", "caption": "A person is snowboarding down a ski slope."}, {"answer_type": "yes/no", "img_id": "COCO_train2014_000000136881", "label": {"no": 1}, "question_id": 136881002, "question_type": "can you", "sent": "Can you see a bottle with a cork?", "caption": "Three oranges sitting on a light blue cloth."}, {"answer_type": "yes/no", "img_id": "COCO_train2014_000000137230", "label": {"no": 1}, "question_id": 137230007, "question_type": "can you", "sent": "Can you wash your car here?", "caption": "A magazine stand is fashioned into a roadside fruit and vegetable stand."}, {"answer_type": "yes/no", "img_id": "COCO_train2014_000000268548", "label": {"yes": 1}, "question_id": 268548000, "question_type": "can you", "sent": "Can you eat this fruit?", "caption": "Two dishes of various fruits and a slice of watermelon on a table."}, {"answer_type": "yes/no", "img_id": "COCO_train2014_000000268622", "label": {"yes": 1}, "question_id": 268622011, "question_type": "can you", "sent": "Can you drive the motorcycle in this position?", "caption": "A soldier rides his motorcycle with side cart through an alley way as by standers eye him closely."}, {"answer_type": "yes/no", "img_id": "COCO_train2014_000000248995", "label": {"no": 1}, "question_id": 248995004, "question_type": "can you", "sent": "Can you see pickles?", "caption": "A dessert on a plate is topped with marshmallows and sauce."}, {"answer_type": "yes/no", "img_id": "COCO_train2014_000000569101", "label": {"no": 0.3, "yes": 1}, "question_id": 569101002, "question_type": "can you", "sent": "Can you eat the fruits in the bowl?", "caption": "A plate with sliced fruit has attached a butterfly."}, {"answer_type": "yes/no", "img_id": "COCO_train2014_000000269168", "label": {"yes": 1}, "question_id": 269168003, "question_type": "can you", "sent": "Can you prepare steamed vegetables in this microwave?", "caption": "Food steaming machine on the shelf of a store."}, {"answer_type": "other", "img_id": "COCO_train2014_000000138153", "label": {"abstract": 0.6, "circle": 0.3, "modern": 0.3, "no": 0.9}, "question_id": 138153003, "question_type": "can you", "sent": "Can you describe the artwork on the wall?", "caption": "Above the bathtub is a yellow painting that looks like the sun."}, {"answer_type": "yes/no", "img_id": "COCO_train2014_000000531388", "label": {"no": 1}, "question_id": 531388002, "question_type": "can you", "sent": "Can you see out the windows?", "caption": "The two windows of the living room are drawn with white curtains."}, {"answer_type": "yes/no", "img_id": "COCO_train2014_000000531457", "label": {"no": 1}, "question_id": 531457002, "question_type": "can you", "sent": "Can you see the whole woman?", "caption": "A stuffed animal next to the belly of a pregnant lady."}, {"answer_type": "yes/no", "img_id": "COCO_train2014_000000330894", "label": {"10": 0.3, "7": 0.3, "no": 1, "yes": 0.6}, "question_id": 330894003, "question_type": "can you", "sent": "Can you count how many scooter there is in the picture?", "caption": "A long row of scooters stretch down the length along a sidewalk."}, {"answer_type": "yes/no", "img_id": "COCO_train2014_000000400544", "label": {"yes": 1}, "question_id": 400544002, "question_type": "is he", "sent": "Is he wearing a helmet?", "caption": "Man in helmet showing off his skateboarding tricks."}, {"answer_type": "other", "img_id": "COCO_train2014_000000138405", "label": {"up": 1}, "question_id": 138405005, "question_type": "is he", "sent": "Is he looking up or down?", "caption": "A baseball player looks up with a bat on the field."}, {"answer_type": "yes/no", "img_id": "COCO_train2014_000000264537", "label": {"no": 1, "yes": 0.3}, "question_id": 264537000, "question_type": "is he", "sent": "Is he holding a surfboard?", "caption": "a person sitting holding a skate board "}, {"answer_type": "yes/no", "img_id": "COCO_train2014_000000531644", "label": {"no": 1}, "question_id": 531644000, "question_type": "is he", "sent": "Is he really golfing?", "caption": "A guy is playing a video golf game."}, {"answer_type": "yes/no", "img_id": "COCO_train2014_000000400599", "label": {"no": 1}, "question_id": 400599000, "question_type": "is he", "sent": "Is he moving quickly?", "caption": "A man standing on a snow covered ski slope next to a person laying down."}, {"answer_type": "yes/no", "img_id": "COCO_train2014_000000138501", "label": {"no": 1}, "question_id": 138501000, "question_type": "is he", "sent": "Is he proposing?", "caption": "A woman sitting at a table looking at a menu with a man standing near by"}, {"answer_type": "yes/no", "img_id": "COCO_train2014_000000475982", "label": {"no": 1}, "question_id": 475982001, "question_type": "is he", "sent": "Is he holding the bat?", "caption": "A baseball player dropping his bat and beginning to run"}, {"answer_type": "yes/no", "img_id": "COCO_train2014_000000531855", "label": {"yes": 1}, "question_id": 531855001, "question_type": "is he", "sent": "Is he fixing something?", "caption": "A man testing the component of a machine so he can fix it."}, {"answer_type": "yes/no", "img_id": "COCO_train2014_000000269829", "label": {"no": 1, "yes": 0.3}, "question_id": 269829021, "question_type": "is he", "sent": "Is he in a parade?", "caption": "Large group of motorcycles riding down the highway."}, {"answer_type": "yes/no", "img_id": "COCO_train2014_000000400913", "label": {"yes": 1}, "question_id": 400913004, "question_type": "is he", "sent": "Is he skating?", "caption": "A man in green shirt skating on a sidewalk."}, {"answer_type": "yes/no", "img_id": "COCO_train2014_000000531998", "label": {"no": 1}, "question_id": 531998000, "question_type": "is he", "sent": "Is he wearing a protective gear?", "caption": "Two guys skate boarding in a park with white shirts"}, {"answer_type": "yes/no", "img_id": "COCO_train2014_000000416357", "label": {"no": 0.3, "yes": 1}, "question_id": 416357007, "question_type": "is he", "sent": "Is he athletic?", "caption": "A tennis player waiting for the ball to be served to him."}, {"answer_type": "yes/no", "img_id": "COCO_train2014_000000138977", "label": {"yes": 1}, "question_id": 138977001, "question_type": "is he", "sent": "Is he wearing something on his head?", "caption": "A boy in a helmet plays baseball on a sunny day."}, {"answer_type": "yes/no", "img_id": "COCO_train2014_000000532220", "label": {"yes": 1}, "question_id": 532220002, "question_type": "is he", "sent": "Is he dressed for the weather?", "caption": "A man in a ski suit and a Viking hat stands on skis."}, {"answer_type": "yes/no", "img_id": "COCO_train2014_000000506550", "label": {"no": 1}, "question_id": 506550007, "question_type": "is he", "sent": "Is he wearing blue?", "caption": "A baseball player in white gets ready to pitch the ball."}, {"answer_type": "yes/no", "img_id": "COCO_train2014_000000401201", "label": {"no": 1, "yes": 0.9}, "question_id": 401201002, "question_type": "is he", "sent": "Is he about to fall?", "caption": "The boy is practicing tricks on his skateboard in summer. "}, {"answer_type": "yes/no", "img_id": "COCO_train2014_000000532411", "label": {"no": 0.3, "yes": 1}, "question_id": 532411001, "question_type": "is he", "sent": "Is he in a train?", "caption": "A man standing on the train with a suitcase next to him."}, {"answer_type": "yes/no", "img_id": "COCO_train2014_000000372727", "label": {"yes": 1}, "question_id": 372727003, "question_type": "is he", "sent": "Is he looking down?", "caption": "A boy is flying a small kite while looking down and smiling."}, {"answer_type": "yes/no", "img_id": "COCO_train2014_000000372727", "label": {"no": 1}, "question_id": 372727011, "question_type": "is he", "sent": "Is he setting up a tent?", "caption": "A boy holding the end of the string to which a kite high in the sky is attached."}, {"answer_type": "yes/no", "img_id": "COCO_train2014_000000532589", "label": {"yes": 1}, "question_id": 532589008, "question_type": "is he", "sent": "Is he still holding the bat?", "caption": "A kid holding a baseball bat on a baseball field."}, {"answer_type": "other", "img_id": "COCO_train2014_000000401534", "label": {"driver": 0.9, "man": 1}, "question_id": 401534000, "question_type": "who is", "sent": "Who is looking at the side mirror?", "caption": "A woman sits behind a man on a motorcycle who is looking in the rearview mirror."}, {"answer_type": "other", "img_id": "COCO_train2014_000000416450", "label": {"man": 0.6, "man on right": 0.3, "men": 0.3, "nobody": 0.3}, "question_id": 416450003, "question_type": "who is", "sent": "Who is speaking here?", "caption": "Two men are having a conversation using a cell phone."}, {"answer_type": "other", "img_id": "COCO_train2014_000000399973", "label": {"skateboarding": 1, "skating": 0.6}, "question_id": 399973038, "question_type": "who is", "sent": "Who is the man doing in the picture?", "caption": "A man is skateboarding outside of some waterfront."}, {"answer_type": "other", "img_id": "COCO_train2014_000000139696", "label": {"catcher": 1, "player": 0.3}, "question_id": 139696002, "question_type": "who is", "sent": "Who is the umpire touching?", "caption": "The umpires are touching the catchers and the batters are ahead of them."}, {"answer_type": "other", "img_id": "COCO_train2014_000000270769", "label": {"obama": 1}, "question_id": 270769004, "question_type": "who is", "sent": "Who is the guy on the left?", "caption": "Barrack Obama eating a hot dog with his young blond boy toy."}, {"answer_type": "other", "img_id": "COCO_train2014_000000401962", "label": {"boy": 1, "kid": 0.3, "sandwich": 0.6}, "question_id": 401962000, "question_type": "who is", "sent": "Who is eating off the plate?", "caption": "A little boy in an orange shirt eating a sandwich."}, {"answer_type": "other", "img_id": "COCO_train2014_000000380007", "label": {"girl": 0.6, "woman": 1, "women": 0.3}, "question_id": 380007015, "question_type": "who is", "sent": "Who is wearing a towel?", "caption": "A man is brushing his teeth with a women in a towel nearby."}, {"answer_type": "other", "img_id": "COCO_train2014_000000271058", "label": {"dad": 0.3, "man": 1}, "question_id": 271058003, "question_type": "who is", "sent": "Who is making the dish?", "caption": "A man in a kitchen prepping a tray of food."}, {"answer_type": "other", "img_id": "COCO_train2014_000000402143", "label": {"cat": 0.3, "man": 0.3}, "question_id": 402143000, "question_type": "who is", "sent": "Who is sleeping in this picture?", "caption": "A man sleeping next to a cat on a bench"}, {"answer_type": "other", "img_id": "COCO_train2014_000000402143", "label": {"cat": 1, "man": 0.6}, "question_id": 402143001, "question_type": "who is", "sent": "Who is taking up more space on the bench?", "caption": "The cat and the man slept on the bench, with the cat taking up most of the space."}, {"answer_type": "other", "img_id": "COCO_train2014_000000271298", "label": {}, "question_id": 271298002, "question_type": "who is", "sent": "Who is the sponsor with the purple sign?", "caption": "There are purple yahoo logos on the bleachers at the baseball stadium."}, {"answer_type": "other", "img_id": "COCO_train2014_000000533451", "label": {"man": 0.3, "man in middle": 0.3, "woman": 1}, "question_id": 533451003, "question_type": "who is", "sent": "Who is wearing a white blouse?", "caption": "Woman at table in white shirt looking into camera."}, {"answer_type": "other", "img_id": "COCO_train2014_000000533454", "label": {"girl": 0.3, "nobody": 0.3, "tennis player": 0.9, "woman": 1}, "question_id": 533454001, "question_type": "who is", "sent": "Who is hitting the ball?", "caption": "A tennis player stretches out her arm in preparation of hitting the ball. "}, {"answer_type": "other", "img_id": "COCO_train2014_000000132607", "label": {"friend": 0.9, "mom": 0.6, "mother": 0.9}, "question_id": 132607000, "question_type": "who is", "sent": "Who is the person talking too?", "caption": "A woman sitting in a chair talking on a cell phone."}, {"answer_type": "other", "img_id": "COCO_train2014_000000140284", "label": {"female": 0.6, "girl": 0.6, "woman": 0.3}, "question_id": 140284000, "question_type": "who is", "sent": "Who is wearing glasses?", "caption": "The second woman from the right is sitting at the dining table wearing dark glasses."}, {"answer_type": "other", "img_id": "COCO_train2014_000000533512", "label": {"boy": 1, "kids": 0.6, "man": 0.3}, "question_id": 533512002, "question_type": "who is", "sent": "Who is flying a kite in the photograph?", "caption": "Several boys are watching another boy who is flying a large kite."}, {"answer_type": "other", "img_id": "COCO_train2014_000000402531", "label": {"female": 0.3, "girl": 0.9, "woman": 1}, "question_id": 402531006, "question_type": "who is", "sent": "Who is wearing glasses?", "caption": "A woman wearing glasses and a man in kitchen next to a refrigerator."}, {"answer_type": "other", "img_id": "COCO_train2014_000000214191", "label": {"baby": 0.6, "child": 1, "girl": 0.3}, "question_id": 214191001, "question_type": "who is", "sent": "Who is lying on the floor?", "caption": "A small child was lying on the floor near the bathroom door."}, {"answer_type": "other", "img_id": "COCO_train2014_000000141013", "label": {"flag": 0.3, "man": 1}, "question_id": 141013006, "question_type": "who is", "sent": "Who is seated on the motorcycle?", "caption": "A man sitting on motocycle which have an American flag."}, {"answer_type": "other", "img_id": "COCO_train2014_000000141038", "label": {"man": 0.3, "person": 0.3, "pilot": 1}, "question_id": 141038006, "question_type": "who is", "sent": "Who is flying the plane?", "caption": "The pilot is flying a propeller plane in the sky."}, {"answer_type": "other", "img_id": "COCO_train2014_000000141413", "label": {"living": 0.3, "living room": 1}, "question_id": 141413000, "question_type": "what room is", "sent": "What room is photographed?", "caption": "A living room filled with furniture and a window."}, {"answer_type": "other", "img_id": "COCO_train2014_000000141413", "label": {"living": 0.3, "living room": 1}, "question_id": 141413009, "question_type": "what room is", "sent": "What room is this?", "caption": "a living room with a couch a table and tv"}, {"answer_type": "other", "img_id": "COCO_train2014_000000272492", "label": {"bathroom": 1, "toilet": 0.3}, "question_id": 272492010, "question_type": "what room is", "sent": "What room is this?", "caption": "Top view of white toilet bowl in bathroom."}, {"answer_type": "other", "img_id": "COCO_train2014_000000569725", "label": {"living": 0.3, "living room": 1}, "question_id": 569725000, "question_type": "what room is", "sent": "What room is this?", "caption": "A finely decorated living room with two couches."}, {"answer_type": "other", "img_id": "COCO_train2014_000000534914", "label": {"kitchen": 1}, "question_id": 534914002, "question_type": "what room is", "sent": "What room is this?", "caption": "a white kitchen a sink and a white refrigerator"}, {"answer_type": "other", "img_id": "COCO_train2014_000000373199", "label": {"kitchen": 1}, "question_id": 373199002, "question_type": "what room is", "sent": "What room is this?", "caption": "a chef and a young boy in a kitchen, the boy is applying frosting to a cake"}, {"answer_type": "other", "img_id": "COCO_train2014_000000535448", "label": {"bedroom": 1, "hotel": 0.3}, "question_id": 535448006, "question_type": "what room is", "sent": "What room is this?", "caption": "A bed and brown armoire in a bedroom. "}, {"answer_type": "other", "img_id": "COCO_train2014_000000273336", "label": {"bathroom": 1}, "question_id": 273336002, "question_type": "what room is", "sent": "What room is this?", "caption": "A small bathroom with a toilet, vanity and bath tub."}, {"answer_type": "other", "img_id": "COCO_train2014_000000353902", "label": {"bathroom": 1}, "question_id": 353902001, "question_type": "what room is", "sent": "What room is this?", "caption": "Bathroom with shower and toilet on far side."}, {"answer_type": "other", "img_id": "COCO_train2014_000000548029", "label": {"kitchen": 1}, "question_id": 548029006, "question_type": "what room is", "sent": "What room is the woman in?", "caption": "A woman standing in a kitchen preparing food."}, {"answer_type": "other", "img_id": "COCO_train2014_000000142485", "label": {"bathroom": 1}, "question_id": 142485002, "question_type": "what room is", "sent": "What room is this?", "caption": "An animated version of a green old style bathroom."}, {"answer_type": "other", "img_id": "COCO_train2014_000000336457", "label": {"bathroom": 1}, "question_id": 336457005, "question_type": "what room is", "sent": "What room is this?", "caption": "The small bathroom has a cabinet full of products."}, {"answer_type": "other", "img_id": "COCO_train2014_000000142806", "label": {"bedroom": 0.3, "living": 0.3, "living room": 1}, "question_id": 142806004, "question_type": "what room is", "sent": "What room is this?", "caption": "A living room area with coach televisison and coffee able"}, {"answer_type": "other", "img_id": "COCO_train2014_000000404981", "label": {"bathroom": 1, "toilet": 0.3}, "question_id": 404981000, "question_type": "what room is", "sent": "What room is this?", "caption": "A bathroom with a shower, sink and toilet."}, {"answer_type": "other", "img_id": "COCO_train2014_000000142958", "label": {"bedroom": 1}, "question_id": 142958000, "question_type": "what room is", "sent": "What room is it?", "caption": "A bedroom with a white desk and white futon"}, {"answer_type": "other", "img_id": "COCO_train2014_000000143110", "label": {"bathroom": 1}, "question_id": 143110009, "question_type": "what room is", "sent": "What room is this?", "caption": "A bathroom area with a litter box and urinal."}, {"answer_type": "other", "img_id": "COCO_train2014_000000274213", "label": {"dining room": 0.6, "kitchen": 1}, "question_id": 274213004, "question_type": "what room is", "sent": "What room is this in the home?", "caption": "a kitchen with a table a sink and a refrigerator"}, {"answer_type": "other", "img_id": "COCO_train2014_000000274213", "label": {"kitchen": 1}, "question_id": 274213009, "question_type": "what room is", "sent": "What room is this?", "caption": "A large open kitchen with stainless steel appliances"}, {"answer_type": "other", "img_id": "COCO_train2014_000000274213", "label": {"dining room": 0.3, "kitchen": 1, "living room": 0.3}, "question_id": 274213018, "question_type": "what room is", "sent": "What room is this in the picture?", "caption": "The kitchen and dining area are decorated with modern furniture."}, {"answer_type": "other", "img_id": "COCO_train2014_000000143170", "label": {"bathroom": 1}, "question_id": 143170002, "question_type": "what room is", "sent": "What room is this?", "caption": "A white bathroom with a sink, mirror, and window."}, {"answer_type": "other", "img_id": "COCO_train2014_000000274248", "label": {}, "question_id": 274248002, "question_type": "what number is", "sent": "What number is displayed on the plane?", "caption": "The A380 Air Bus ascends into the clouds."}, {"answer_type": "number", "img_id": "COCO_train2014_000000274334", "label": {"27": 1}, "question_id": 274334000, "question_type": "what number is", "sent": "What number is the batter?", "caption": "Batter No. 27 is ready to bat."}, {"answer_type": "number", "img_id": "COCO_train2014_000000373414", "label": {}, "question_id": 373414001, "question_type": "what number is", "sent": "What number is on the bus front?", "caption": "There is a bus number 3213 that stops to pick up people."}, {"answer_type": "number", "img_id": "COCO_train2014_000000198654", "label": {"23": 1, "33": 0.9}, "question_id": 198654004, "question_type": "what number is", "sent": "What number is the catcher?", "caption": "Catcher No. 23 in baseball is getting ready to catch the ball."}, {"answer_type": "number", "img_id": "COCO_train2014_000000198654", "label": {"1": 1}, "question_id": 198654005, "question_type": "what number is", "sent": "What number is on the batter's uniform?", "caption": "No.1 batter swinging at the ball in a baseball game."}, {"answer_type": "number", "img_id": "COCO_train2014_000000536707", "label": {"18": 1}, "question_id": 536707003, "question_type": "what number is", "sent": "What number is the batter?", "caption": "Baseball player number 18 holds a bat during a game."}, {"answer_type": "number", "img_id": "COCO_train2014_000000536707", "label": {"18": 1}, "question_id": 536707005, "question_type": "what number is", "sent": "What number is on the jersey?", "caption": "The number on the batsman's shirt is 18."}, {"answer_type": "number", "img_id": "COCO_train2014_000000405677", "label": {}, "question_id": 405677003, "question_type": "what number is", "sent": "What number is on the train?", "caption": "Train 82118 pulls up next to an empty platform."}, {"answer_type": "number", "img_id": "COCO_train2014_000000536963", "label": {"80": 1}, "question_id": 536963001, "question_type": "what number is", "sent": "What number is on the fence?", "caption": "The number 80 is written on the fence on the plane."}, {"answer_type": "number", "img_id": "COCO_train2014_000000406295", "label": {"10": 1}, "question_id": 406295001, "question_type": "what number is", "sent": "What number is on the bottle to the right?", "caption": "The wine bottle on the right side of the table has a label saying 10."}, {"answer_type": "number", "img_id": "COCO_train2014_000000144580", "label": {"43": 1}, "question_id": 144580001, "question_type": "what number is", "sent": "What number is on the woman's shirt?", "caption": "A woman in a size 43 green shirt walks beside the man."}, {"answer_type": "number", "img_id": "COCO_train2014_000000406982", "label": {"7": 1}, "question_id": 406982001, "question_type": "what number is", "sent": "What number is on this man's shirt?", "caption": "A man in a No. 7 baseball uniform is playing baseball."}, {"answer_type": "number", "img_id": "COCO_train2014_000000336532", "label": {"14": 1}, "question_id": 336532000, "question_type": "what number is", "sent": "What number is on the child's back?", "caption": "The boy wearing the number 14 is getting ready to bat."}, {"answer_type": "number", "img_id": "COCO_train2014_000000538249", "label": {"50": 1}, "question_id": 538249000, "question_type": "what number is", "sent": "What number is on the sign?", "caption": "The speed limit sign on the side of the road shows 50."}, {"answer_type": "number", "img_id": "COCO_train2014_000000407949", "label": {"6": 1}, "question_id": 407949006, "question_type": "what number is", "sent": "What number is displayed at the top right?", "caption": "There is a logo with the number 6 on the door."}, {"answer_type": "number", "img_id": "COCO_train2014_000000539053", "label": {"25": 1}, "question_id": 539053003, "question_type": "what number is", "sent": "What number is displayed on the batters shirt?", "caption": "The number 25 is displayed on the batter's jersey."}, {"answer_type": "number", "img_id": "COCO_train2014_000000408475", "label": {"40": 1}, "question_id": 408475001, "question_type": "what number is", "sent": "What number is on the sign?", "caption": "A roadside sign shows a speed limit of 40."}, {"answer_type": "number", "img_id": "COCO_train2014_000000408801", "label": {}, "question_id": 408801004, "question_type": "what number is", "sent": "What number is written on the first train car?", "caption": "The number 17159 is written on the first car of the blue train."}, {"answer_type": "number", "img_id": "COCO_train2014_000000147115", "label": {"7": 1}, "question_id": 147115006, "question_type": "what number is", "sent": "What number is on the players uniform?", "caption": "The batsman with jersey number 7 is getting ready to bat."}, {"answer_type": "number", "img_id": "COCO_train2014_000000409468", "label": {"32": 1}, "question_id": 409468016, "question_type": "what number is", "sent": "What number is the batter?", "caption": "The batsman with jersey number 32 is getting ready to bat."}, {"answer_type": "yes/no", "img_id": "COCO_train2014_000000409184", "label": {"no": 1}, "question_id": 409184005, "question_type": "do you", "sent": "Do you see any living animals in this photo?", "caption": "A large patio area with many table and chair sets covered by large umbrellas. "}, {"answer_type": "yes/no", "img_id": "COCO_train2014_000000540838", "label": {"no": 0.3, "yes": 1}, "question_id": 540838007, "question_type": "do you", "sent": "Do you think the giraffe is happy?", "caption": "The giraffe is standing in an open field."}, {"answer_type": "yes/no", "img_id": "COCO_train2014_000000540899", "label": {"no": 1}, "question_id": 540899012, "question_type": "do you", "sent": "Do you see bikes?", "caption": "there are a lot of cars and trucks stuck in traffic."}, {"answer_type": "yes/no", "img_id": "COCO_train2014_000000308610", "label": {"yes": 1}, "question_id": 308610000, "question_type": "do you", "sent": "Do you see any trees?", "caption": "There is an airplane on the runway with many trees in the background."}, {"answer_type": "yes/no", "img_id": "COCO_train2014_000000409884", "label": {"no": 0.3, "yes": 1}, "question_id": 409884001, "question_type": "do you", "sent": "Do you think these are homegrown?", "caption": "A bunch of vegetables including cucumbers, green beans and broccoli."}, {"answer_type": "yes/no", "img_id": "COCO_train2014_000000308621", "label": {"yes": 1}, "question_id": 308621002, "question_type": "do you", "sent": "Do you see a motorcycle?", "caption": "A few cows are grazing, and there are people on motorcycles in the street behind."}, {"answer_type": "yes/no", "img_id": "COCO_train2014_000000147983", "label": {"yes": 1}, "question_id": 147983018, "question_type": "do you", "sent": "Do you see a donut?", "caption": "Two donuts on two paper plates with a voting paper."}, {"answer_type": "yes/no", "img_id": "COCO_train2014_000000148010", "label": {"no": 1}, "question_id": 148010002, "question_type": "do you", "sent": "Do you see any fish in this photo?", "caption": "A duck with a reflection sitting on still water."}, {"answer_type": "yes/no", "img_id": "COCO_train2014_000000148251", "label": {"yes": 1}, "question_id": 148251003, "question_type": "do you", "sent": "Do you see the giraffe's head?", "caption": "A giraffe feeding on hay in it's enclosure"}, {"answer_type": "yes/no", "img_id": "COCO_train2014_000000410398", "label": {"no": 1, "yes": 0.9}, "question_id": 410398009, "question_type": "do you", "sent": "Do you like watching the show being projected?", "caption": "A den with a couch, chairs, table and a television."}, {"answer_type": "yes/no", "img_id": "COCO_train2014_000000408190", "label": {"no": 0.3, "yes": 1}, "question_id": 408190002, "question_type": "do you", "sent": "Do you see a big wave coming?", "caption": "A man riding a wave on top of a surfboard."}, {"answer_type": "yes/no", "img_id": "COCO_train2014_000000410447", "label": {"no": 0.3, "yes": 1}, "question_id": 410447002, "question_type": "do you", "sent": "Do you need to put on sunscreen?", "caption": "A group of three giraffe standing next to each other on a grass field."}, {"answer_type": "yes/no", "img_id": "COCO_train2014_000000410535", "label": {"yes": 1}, "question_id": 410535001, "question_type": "do you", "sent": "Do you think this picture was posted?", "caption": "A woman holding an umbrella photoshopped onto an upside down rainy day."}, {"answer_type": "yes/no", "img_id": "COCO_train2014_000000148394", "label": {"no": 1, "yes": 1}, "question_id": 148394001, "question_type": "do you", "sent": "Do you want some food?", "caption": "A plate of enchiladas with sauce and white stripes, rice and broccoli."}, {"answer_type": "yes/no", "img_id": "COCO_train2014_000000483489", "label": {"no": 0.3, "yes": 1}, "question_id": 483489000, "question_type": "do you", "sent": "Do you a human being sitting on the bench?", "caption": "A woman sitting on a bench in a stone area."}, {"answer_type": "yes/no", "img_id": "COCO_train2014_000000148480", "label": {"no": 1}, "question_id": 148480002, "question_type": "do you", "sent": "Do you see a clock?", "caption": "A city street crowded with people with umbrellas"}, {"answer_type": "yes/no", "img_id": "COCO_train2014_000000541771", "label": {"yes": 1}, "question_id": 541771001, "question_type": "do you", "sent": "Do you see any blinds on the window?", "caption": "There are shutters on the living room windows."}, {"answer_type": "yes/no", "img_id": "COCO_train2014_000000131534", "label": {"yes": 1}, "question_id": 131534001, "question_type": "do you", "sent": "Do you see any street lights?", "caption": "There are some street lights on the road beside the park."}]