[{"answer_type": "yes/no", "img_id": "COCO_train2014_000000393230", "label": {"yes": 1}, "question_id": 393230008, "question_type": "is it", "sent": "Is it daytime?", "caption": "A man riding skis down a snow covered slope in the daytime."}, {"answer_type": "yes/no", "img_id": "COCO_train2014_000000131087", "label": {"yes": 1}, "question_id": 131087002, "question_type": "is it", "sent": "Is it a clear day?", "caption": "A dog surfing on a surfboard on a body of water in the clear day."}, {"answer_type": "other", "img_id": "COCO_train2014_000000131075", "label": {"monitor": 0.6, "yes": 0.3}, "question_id": 131075012, "question_type": "is it", "sent": "Is it a monitor or a screen projection?", "caption": "A dark room with a big monitor on the wall."}, {"answer_type": "other", "img_id": "COCO_train2014_000000567990", "label": {"thick": 1, "thin": 0.3}, "question_id": 567990002, "question_type": "is it", "sent": "Is it thick or thin crust?", "caption": "A large cheese pizza with thick crust on a white plate."}, {"answer_type": "yes/no", "img_id": "COCO_train2014_000000393317", "label": {"no": 1, "yes": 0.9}, "question_id": 393317004, "question_type": "is it", "sent": "Is it raining?", "caption": "City streets with cars, pedestrians and buses on a sunny day."}, {"answer_type": "yes/no", "img_id": "COCO_train2014_000000262273", "label": {"no": 1}, "question_id": 262273006, "question_type": "is it", "sent": "Is it summer?", "caption": "A male skier is posing for the camera with ski gear on the snow."}, {"answer_type": "yes/no", "img_id": "COCO_train2014_000000393362", "label": {"yes": 1}, "question_id": 393362000, "question_type": "is it", "sent": "Is it daytime?", "caption": "a group of parked motor bikes sit on a gravel surface in a sunny day."}, {"answer_type": "yes/no", "img_id": "COCO_train2014_000000524551", "label": {"yes": 1}, "question_id": 524551000, "question_type": "is it", "sent": "Is it a clear day?", "caption": "A man is skiing on a steep snow-covered ramp in a clear day. "}, {"answer_type": "yes/no", "img_id": "COCO_train2014_000000393602", "label": {"no": 0.3, "yes": 1}, "question_id": 393602002, "question_type": "is it", "sent": "Is it dangerous standing where the picture was taken?", "caption": "A brown train is coming on the tracks near the meadow."}, {"answer_type": "yes/no", "img_id": "COCO_train2014_000000524676", "label": {"no": 1}, "question_id": 524676007, "question_type": "is it", "sent": "Is it summer?", "caption": "A street sign for Sulphur  street with cars parked along the street in winter."}, {"answer_type": "yes/no", "img_id": "COCO_train2014_000000262603", "label": {"no": 1}, "question_id": 262603001, "question_type": "is it", "sent": "Is it raining?", "caption": "some skis are resting on a ski rack in a sunny day."}, {"answer_type": "yes/no", "img_id": "COCO_train2014_000000262623", "label": {"no": 1, "yes": 0.3}, "question_id": 262623005, "question_type": "is it", "sent": "Is it sunny outside?", "caption": "The sign hanging out front says Mystic Blue Signs."}, {"answer_type": "yes/no", "img_id": "COCO_train2014_000000510665", "label": {"no": 1}, "question_id": 510665016, "question_type": "is it", "sent": "Is it night time?", "caption": "A bus sitting in the middle of the street, during the day."}, {"answer_type": "yes/no", "img_id": "COCO_train2014_000000510665", "label": {"no": 1}, "question_id": 510665023, "question_type": "is it", "sent": "Is it Christmas time?", "caption": "A person standing next to a white bus in a parking lot."}, {"answer_type": "yes/no", "img_id": "COCO_train2014_000000524788", "label": {"yes": 1}, "question_id": 524788003, "question_type": "is it", "sent": "Is it cold there?", "caption": "a look down in a city with trees and snow surrounding it"}, {"answer_type": "yes/no", "img_id": "COCO_train2014_000000262688", "label": {"no": 1, "yes": 1}, "question_id": 262688002, "question_type": "is it", "sent": "Is it sunny?", "caption": "Three people are skiing on a flat surface in the evening."}, {"answer_type": "yes/no", "img_id": "COCO_train2014_000000524905", "label": {"no": 0.6, "yes": 1}, "question_id": 524905001, "question_type": "is it", "sent": "Is it springtime?", "caption": "A giraffe walking in the den of the zoo"}, {"answer_type": "yes/no", "img_id": "COCO_train2014_000000436799", "label": {"yes": 1}, "question_id": 436799001, "question_type": "is it", "sent": "Is it a cloudy day?", "caption": "A cloudy day, several stop lights are on a downtown road."}, {"answer_type": "yes/no", "img_id": "COCO_train2014_000000524927", "label": {"yes": 1}, "question_id": 524927002, "question_type": "is it", "sent": "Is it sunny outside?", "caption": "A restaurant sign that is standing on the side of a street in a sunny day."}, {"answer_type": "other", "img_id": "COCO_train2014_000000524956", "label": {"both": 1, "man": 0.6, "sitting": 0.3, "woman": 0.9}, "question_id": 524956001, "question_type": "is it", "sent": "Is it a man or woman sitting?", "caption": "People sitting on a bench next to the road side."}]