[{"answer_type": "other", "img_id": "COCO_train2014_000000524486", "label": {"for sale": 0.3, "party": 0.6, "to eat": 0.3}, "question_id": 524486002, "question_type": "why is the", "sent": "Why is the man cooking so many hot dogs?", "caption": "A man cooking a large number of hot dogs on a grill for parrty."}, {"answer_type": "other", "img_id": "COCO_train2014_000000524520", "label": {"stop": 0.6}, "question_id": 524520002, "question_type": "why is the", "sent": "Why is the top light on?", "caption": "Red traffic lights are on to stop vehicles."}, {"answer_type": "other", "img_id": "COCO_train2014_000000524547", "label": {"jumping": 0.3, "ramp": 0.3, "snowboarding": 0.9}, "question_id": 524547000, "question_type": "why is the", "sent": "Why is the man in mid-air?", "caption": "A man is snowboarding and jumping out of the air."}, {"answer_type": "other", "img_id": "COCO_train2014_000000262705", "label": {"skiing": 1, "yes": 0.6}, "question_id": 262705007, "question_type": "why is the", "sent": "Why is the child happy?", "caption": "A young child is skiing down a snowy slope happily."}, {"answer_type": "other", "img_id": "COCO_train2014_000000525012", "label": {"cooking": 0.3, "happy": 0.9}, "question_id": 525012000, "question_type": "why is the", "sent": "Why is the man smiling?", "caption": "A chef in an apron looks happy in the kitchen."}, {"answer_type": "other", "img_id": "COCO_train2014_000000436481", "label": {"snow": 1, "yes": 0.3}, "question_id": 436481001, "question_type": "why is the", "sent": "Why is the ground white?", "caption": "A person skiing across snow covered ground with two skis poles.."}, {"answer_type": "other", "img_id": "COCO_train2014_000000270636", "label": {"flying kite": 1, "kite": 0.3}, "question_id": 270636009, "question_type": "why is the", "sent": "Why is the person's arm upraised?", "caption": "A woman raises her arms and flies a kite on the beach."}, {"answer_type": "other", "img_id": "COCO_train2014_000000525380", "label": {"landing": 0.9, "yes": 0.3}, "question_id": 525380000, "question_type": "why is the", "sent": "Why is the smoke coming from the nose wheels?", "caption": "A plane's nose wheel was smoking from deceleration during landing."}, {"answer_type": "other", "img_id": "COCO_train2014_000000410302", "label": {"comfort": 0.9, "resting": 0.3, "tired": 0.6}, "question_id": 410302003, "question_type": "why is the", "sent": "Why is the woman sit on a cushion?", "caption": "A woman sits comfortably on a cushion next to a fruit stand."}, {"answer_type": "other", "img_id": "COCO_train2014_000000394590", "label": {"safety": 0.3}, "question_id": 394590001, "question_type": "why is the", "sent": "Why is the grown up beside the child?", "caption": "A woman holds the hand of a little girl for safety while skiing."}, {"answer_type": "other", "img_id": "COCO_train2014_000000263609", "label": {"hot": 0.3, "raining": 0.3, "shade": 0.3, "sun": 0.3, "sunny": 0.3}, "question_id": 263609001, "question_type": "why is the", "sent": "Why is the person holding an umbrella?", "caption": "A man standing in the sun under an umbrella."}, {"answer_type": "other", "img_id": "COCO_train2014_000000263993", "label": {"bull": 0.3, "cow": 0.6, "not sure": 0.3}, "question_id": 263993000, "question_type": "why is the", "sent": "Why is the animal on the beach?", "caption": "Cattle walk on the beach with a large freight ship in the background. "}, {"answer_type": "other", "img_id": "COCO_train2014_000000264005", "label": {"no light": 0.6}, "question_id": 264005011, "question_type": "why is the", "sent": "Why is the room so dark?", "caption": "A man sits in a dark room with no lights."}, {"answer_type": "other", "img_id": "COCO_train2014_000000264033", "label": {"lighting": 0.3, "no": 0.3}, "question_id": 264033005, "question_type": "why is the", "sent": "Why is the room dark?", "caption": "Dining room and living room with hardwood floors had no lights on."}, {"answer_type": "other", "img_id": "COCO_train2014_000000526320", "label": {"heat": 0.3, "light": 0.3, "play": 0.3, "to see": 0.3}, "question_id": 526320000, "question_type": "why is the", "sent": "Why is the man holding the bat towards the light?", "caption": "Baseball player measuring a light fixture with a baseball bat."}, {"answer_type": "other", "img_id": "COCO_train2014_000000395409", "label": {"happy": 0.6, "unknown": 0.3}, "question_id": 395409000, "question_type": "why is the", "sent": "Why is the man smiling?", "caption": "A smiling man is standing by a silver refrigerator happily."}, {"answer_type": "other", "img_id": "COCO_train2014_000000526491", "label": {"conference": 0.3}, "question_id": 526491001, "question_type": "why is the", "sent": "Why is the man speaking at the microphone?", "caption": "The man speaks into the microphone in the conference."}, {"answer_type": "other", "img_id": "COCO_train2014_000000264356", "label": {"catcher": 0.3, "catching": 0.3, "to catch ball": 0.3}, "question_id": 264356000, "question_type": "why is the", "sent": "Why is the guy in white almost on his knees?", "caption": "The catcher waits for a ball while the batter in white waits as well."}, {"answer_type": "other", "img_id": "COCO_train2014_000000526506", "label": {"it's not": 0.3, "parked": 0.6, "storage": 0.3}, "question_id": 526506002, "question_type": "why is the", "sent": "Why is the helicopter sitting behind a building?", "caption": "A small airplane parked near it's hanger outside."}, {"answer_type": "other", "img_id": "COCO_train2014_000000133314", "label": {"looking": 0.3, "resting": 0.3, "watching": 0.3}, "question_id": 133314001, "question_type": "why is the", "sent": "Why is the giraffe standing so still?", "caption": "A giraffe peering above landscape in a grass land"}, {"answer_type": "number", "img_id": "COCO_train2014_000000395491", "label": {"2": 1}, "question_id": 395491001, "question_type": "how many people are", "sent": "How many people are eating?", "caption": "Two men who are eating hot dogs together."}, {"answer_type": "number", "img_id": "COCO_train2014_000000264499", "label": {"1": 0.3, "3": 0.3, "4": 0.3, "7": 1}, "question_id": 264499009, "question_type": "how many people are", "sent": "How many people are not wearing hats?", "caption": "A group of people took a group photo, seven of whom were not wearing hats."}, {"answer_type": "number", "img_id": "COCO_train2014_000000264499", "label": {"0": 1, "1": 0.3, "2": 0.3, "4": 0.3, "many": 0.3}, "question_id": 264499019, "question_type": "how many people are", "sent": "How many people are wearing flip flops?", "caption": "A group of friends standing with a dog while holding a frisbee."}, {"answer_type": "number", "img_id": "COCO_train2014_000000437304", "label": {"0": 1, "1": 0.3, "no": 0.3}, "question_id": 437304001, "question_type": "how many people are", "sent": "How many people are on the train?", "caption": "A car with a few seats and bikes and no people."}, {"answer_type": "number", "img_id": "COCO_train2014_000000133467", "label": {"1": 1}, "question_id": 133467013, "question_type": "how many people are", "sent": "How many people are pictured?", "caption": "A man sitting on a park bench with pigeons walking around."}, {"answer_type": "number", "img_id": "COCO_train2014_000000395614", "label": {"3": 0.6, "4": 1, "5": 0.6, "7": 0.3}, "question_id": 395614003, "question_type": "how many people are", "sent": "How many people are visible on the left side of the train?", "caption": "Four people wait to board a red train."}, {"answer_type": "number", "img_id": "COCO_train2014_000000133505", "label": {"1": 1}, "question_id": 133505003, "question_type": "how many people are", "sent": "How many people are on motorcycles?", "caption": "there is a man on a motorcycle and a man running behind him"}, {"answer_type": "number", "img_id": "COCO_train2014_000000264598", "label": {"2": 0.3, "3": 1}, "question_id": 264598001, "question_type": "how many people are", "sent": "How many people are wearing suits?", "caption": "There are three men in suits in the background."}, {"answer_type": "number", "img_id": "COCO_train2014_000000395673", "label": {"1": 1, "6": 0.3}, "question_id": 395673000, "question_type": "how many people are", "sent": "How many people are not standing up straight?", "caption": "A man with blond hair is bending over with a frisbee."}, {"answer_type": "number", "img_id": "COCO_train2014_000000393630", "label": {"3": 1}, "question_id": 393630005, "question_type": "how many people are", "sent": "How many people are on the bench?", "caption": "Three people are sitting on a bench in front of a lake."}, {"answer_type": "number", "img_id": "COCO_train2014_000000393630", "label": {"3": 1}, "question_id": 393630008, "question_type": "how many people are", "sent": "How many people are sitting at benches?", "caption": "Three people sitting on a bench looking out at a river."}, {"answer_type": "number", "img_id": "COCO_train2014_000000393630", "label": {"3": 1}, "question_id": 393630009, "question_type": "how many people are", "sent": "How many people are sitting on the bench?", "caption": "Three people sitting on a bench admiring the water."}, {"answer_type": "number", "img_id": "COCO_train2014_000000393630", "label": {"3": 1}, "question_id": 393630014, "question_type": "how many people are", "sent": "How many people are seated?", "caption": "A group of three people sitting on a bench overlooking water."}, {"answer_type": "number", "img_id": "COCO_train2014_000000395740", "label": {"5": 0.3, "6": 0.9, "7": 1, "8": 0.6}, "question_id": 395740000, "question_type": "how many people are", "sent": "How many people are sitting down?", "caption": "Seven people are eating outdoors at a cafe at night."}, {"answer_type": "number", "img_id": "COCO_train2014_000000395766", "label": {"0": 1, "3": 0.6, "4": 1}, "question_id": 395766001, "question_type": "how many people are", "sent": "How many people are eating?", "caption": "Four people gathered around a table that has a cake sitting on it."}, {"answer_type": "number", "img_id": "COCO_train2014_000000133654", "label": {"3": 1, "4": 0.3}, "question_id": 133654005, "question_type": "how many people are", "sent": "How many people are holding tennis rackets?", "caption": "Three people with rackets and one empty-handed stand on a tennis court."}, {"answer_type": "number", "img_id": "COCO_train2014_000000395828", "label": {"3": 0.3, "4": 1, "no": 0.3}, "question_id": 395828002, "question_type": "how many people are", "sent": "How many people are shown?", "caption": "a train car sits parked as 4 people stand next to it."}, {"answer_type": "number", "img_id": "COCO_train2014_000000133739", "label": {"0": 1, "5": 0.6}, "question_id": 133739001, "question_type": "how many people are", "sent": "How many people are standing on their surfboards?", "caption": "People do yoga on surfboards on the ocean."}, {"answer_type": "number", "img_id": "COCO_train2014_000000133739", "label": {"1": 1, "5": 0.3}, "question_id": 133739002, "question_type": "how many people are", "sent": "How many people are not raising their leg?", "caption": "One guy in the crowd on the surfboard didn't lift his leg."}, {"answer_type": "number", "img_id": "COCO_train2014_000000264846", "label": {"3": 1}, "question_id": 264846001, "question_type": "how many people are", "sent": "How many people are shown?", "caption": "Two men are standing near as the woman is playing tennis. "}, {"answer_type": "other", "img_id": "COCO_train2014_000000395920", "label": {"white": 1, "white and black": 0.6}, "question_id": 395920003, "question_type": "what color are the", "sent": "What color are the license plates?", "caption": "A green and white bus on the street has a white number plate."}, {"answer_type": "other", "img_id": "COCO_train2014_000000396006", "label": {"black": 1}, "question_id": 396006001, "question_type": "what color are the", "sent": "What color are the ski pants?", "caption": "A snow skier in black ski pants skiing down the hill."}, {"answer_type": "other", "img_id": "COCO_train2014_000000133909", "label": {"black": 0.3, "brown": 0.9, "gray": 0.9, "tan": 0.3, "white": 0.6}, "question_id": 133909000, "question_type": "what color are the", "sent": "What color are the cat's eyebrows?", "caption": "A cat with gray eyes sits beside the bathroom sink."}, {"answer_type": "other", "img_id": "COCO_train2014_000000264982", "label": {"brown": 1, "tan": 0.9}, "question_id": 264982002, "question_type": "what color are the", "sent": "What color are the bears?", "caption": "A fluffy, brown teddy bear looks out a window."}, {"answer_type": "other", "img_id": "COCO_train2014_000000264998", "label": {"brown": 1, "gray": 1}, "question_id": 264998002, "question_type": "what color are the", "sent": "What color are the tree trunks?", "caption": "A few cows stood among the many brown trunks."}, {"answer_type": "other", "img_id": "COCO_train2014_000000135397", "label": {"silver": 1}, "question_id": 135397001, "question_type": "what color are the", "sent": "What color are the spoons?", "caption": "On the table are many different pies and silver spoons."}, {"answer_type": "other", "img_id": "COCO_train2014_000000265076", "label": {"beige": 0.9, "cream": 0.3, "ivory": 0.6, "white": 0.9, "yellow": 0.3}, "question_id": 265076001, "question_type": "what color are the", "sent": "What color are the sinks?", "caption": "A toilet in a bathroom on a hard wood floor next to a white sink."}, {"answer_type": "other", "img_id": "COCO_train2014_000000527257", "label": {"pink": 1, "pink and white": 0.3}, "question_id": 527257002, "question_type": "what color are the", "sent": "What color are the sheets?", "caption": "Little boy and girl sleeping in a bed with pink sheets."}, {"answer_type": "other", "img_id": "COCO_train2014_000000100483", "label": {"blue": 0.3, "brown": 0.6, "red": 1}, "question_id": 100483005, "question_type": "what color are the", "sent": "What color are the cars?", "caption": "A train yard with two red long trains of cars."}, {"answer_type": "other", "img_id": "COCO_train2014_000000134072", "label": {"green": 1}, "question_id": 134072000, "question_type": "what color are the", "sent": "What color are the grapes?", "caption": "A plate of three bananas and many green grapes."}, {"answer_type": "other", "img_id": "COCO_train2014_000000396228", "label": {"blue and yellow": 1, "yellow and blue": 1}, "question_id": 396228004, "question_type": "what color are the", "sent": "What color are the balloons?", "caption": "Two women stand on a field with yellow and blue balloons in the background."}, {"answer_type": "other", "img_id": "COCO_train2014_000000265167", "label": {"pink": 1}, "question_id": 265167001, "question_type": "what color are the", "sent": "What color are the flowers on the girls outfit?", "caption": "A girl in a outfit with pink flowers plays with frisbee in the park."}, {"answer_type": "other", "img_id": "COCO_train2014_000000134113", "label": {"orange": 0.3, "tan": 1, "yellow": 1}, "question_id": 134113002, "question_type": "what color are the", "sent": "What color are the houses?", "caption": "A narrow brick road running between yellow brick buildings."}, {"answer_type": "other", "img_id": "COCO_train2014_000000131580", "label": {"red": 1}, "question_id": 131580003, "question_type": "what color are the", "sent": "What color are the woman's shoes?", "caption": "Woman in red sandals sits and reads a book on a shelf in a bookcase."}, {"answer_type": "other", "img_id": "COCO_train2014_000000265196", "label": {"black": 0.6, "brown": 1}, "question_id": 265196003, "question_type": "what color are the", "sent": "What color are the eyes dog?", "caption": "A dog with brown eyes that is eating out of his bowl at the table."}, {"answer_type": "other", "img_id": "COCO_train2014_000000527342", "label": {"brown": 0.6, "red": 0.9, "red and black": 0.9}, "question_id": 527342009, "question_type": "what color are the", "sent": "What color are the walls in this room?", "caption": "A tall man and a short woman pose for a photo in front of a red wall."}, {"answer_type": "other", "img_id": "COCO_train2014_000000265225", "label": {"brown": 0.3, "green": 0.3, "red": 1}, "question_id": 265225003, "question_type": "what color are the", "sent": "What color are the seats?", "caption": "A bed and red chair in a small room."}, {"answer_type": "other", "img_id": "COCO_train2014_000000396354", "label": {"red": 1}, "question_id": 396354005, "question_type": "what color are the", "sent": "What color are the man's socks?", "caption": "An old man in red socks is walking in a field with a baseball bat."}, {"answer_type": "other", "img_id": "COCO_train2014_000000396372", "label": {"brown": 1, "red": 0.3}, "question_id": 396372001, "question_type": "what color are the", "sent": "What color are the liquid?", "caption": "A plate of pasta with tomato sauce in front of a glass of brown bee."}, {"answer_type": "other", "img_id": "COCO_train2014_000000134297", "label": {"brown": 0.3, "gray": 1, "red": 0.3}, "question_id": 134297004, "question_type": "what color are the", "sent": "What color are the pants of man holding the umbrella?", "caption": "A man with a red umbrella in gray pants."}]