[{"answer_type": "other", "img_id": "COCO_train2014_000000458752", "label": {"net": 1}, "question_id": 458752000, "question_type": "what is this", "sent": "What is this photo taken looking through?", "caption": "A pitcher throwing the ball in a baseball game."}, {"answer_type": "other", "img_id": "COCO_train2014_000000393227", "label": {"skateboard": 1}, "question_id": 393227001, "question_type": "what is this", "sent": "What is this man riding on?", "caption": "a young man rides on a skate board "}, {"answer_type": "other", "img_id": "COCO_train2014_000000137045", "label": {"bear": 1}, "question_id": 137045002, "question_type": "what is this", "sent": "What is this?", "caption": "A big ole black bear fat and happy."}, {"answer_type": "other", "img_id": "COCO_train2014_000000131113", "label": {"fridge": 0.6, "refrigerator": 1}, "question_id": 131113003, "question_type": "what is this", "sent": "What is this device?", "caption": "A metal refrigerator tucked inside a small kitchen."}, {"answer_type": "other", "img_id": "COCO_train2014_000000262204", "label": {"elephant": 1}, "question_id": 262204001, "question_type": "what is this", "sent": "What is this animal?", "caption": "A large gray elephant walking through a lush green field,"}, {"answer_type": "other", "img_id": "COCO_train2014_000000471373", "label": {"surfboard": 1}, "question_id": 471373004, "question_type": "what is this", "sent": "What is this man laying on?", "caption": "A man lying on a surfboard in some small waves in water."}, {"answer_type": "other", "img_id": "COCO_train2014_000000393428", "label": {"hot dog": 1}, "question_id": 393428000, "question_type": "what is this", "sent": "What is this person holding?", "caption": "A child's hand is holding a giant hot dog."}, {"answer_type": "other", "img_id": "COCO_train2014_000000474858", "label": {"beach": 1, "sand": 1}, "question_id": 474858007, "question_type": "what is this", "sent": "What is this person standing on?", "caption": "A man standing on the beach beside surf boards"}, {"answer_type": "other", "img_id": "COCO_train2014_000000393445", "label": {"chocolate": 1}, "question_id": 393445002, "question_type": "what is this", "sent": "What is this cake made with?", "caption": "a white plate a fork and a chocolate piece of cake"}, {"answer_type": "other", "img_id": "COCO_train2014_000000524551", "label": {"skiing": 0.9, "snowboarding": 1, "standing": 0.3}, "question_id": 524551001, "question_type": "what is this", "sent": "What is this person doing?", "caption": "A man is skiing on a steep snow-covered ramp. "}, {"answer_type": "other", "img_id": "COCO_train2014_000000262495", "label": {"bottle": 0.9, "container": 1, "cup": 0.6}, "question_id": 262495000, "question_type": "what is this", "sent": "What is this baby holding?", "caption": "A young child with a cup standing next to a refrigerator"}, {"answer_type": "other", "img_id": "COCO_train2014_000000524649", "label": {"fridge": 0.9, "refrigerator": 1}, "question_id": 524649001, "question_type": "what is this", "sent": "What is this girl looking inside?", "caption": "A little girl is raiding the refrigerator for something."}, {"answer_type": "other", "img_id": "COCO_train2014_000000393649", "label": {"antenna": 0.3, "microphone": 0.6, "monitor": 0.3}, "question_id": 393649002, "question_type": "what is this", "sent": "What is this man holding in his right hand?", "caption": "A man holding a clip board using a kind of microphone."}, {"answer_type": "other", "img_id": "COCO_train2014_000000239873", "label": {"bench": 1}, "question_id": 239873000, "question_type": "what is this", "sent": "What is this child sitting on?", "caption": "A little boy that is sitting on a bench."}, {"answer_type": "other", "img_id": "COCO_train2014_000000524389", "label": {"pizza": 1}, "question_id": 524389006, "question_type": "what is this", "sent": "What is this food?", "caption": "a pizza with a lot of chicken and veggies on it "}, {"answer_type": "other", "img_id": "COCO_train2014_000000284098", "label": {"skiing": 0.3, "snowboarding": 1}, "question_id": 284098006, "question_type": "what is this", "sent": "What is this man doing?", "caption": "A man riding a snow board down a snow covered slope."}, {"answer_type": "other", "img_id": "COCO_train2014_000000524975", "label": {"baby": 0.3, "birthday": 0.9, "wedding": 1}, "question_id": 524975002, "question_type": "what is this", "sent": "What is this cake for?", "caption": "A birthday cake with teddy bears on it."}, {"answer_type": "other", "img_id": "COCO_train2014_000000524975", "label": {"birthday cake": 0.3, "cake": 1}, "question_id": 524975003, "question_type": "what is this", "sent": "What is this?", "caption": "A cake decorated with stars and two bears on the top."}, {"answer_type": "other", "img_id": "COCO_train2014_000000393915", "label": {"skateboarding": 1, "skating": 0.6}, "question_id": 393915001, "question_type": "what is this", "sent": "What is this guy doing?", "caption": "A man riding a skate board on top of a  cement skate park."}, {"answer_type": "other", "img_id": "COCO_train2014_000000393915", "label": {"skateboard": 1, "skateboarding": 0.3}, "question_id": 393915002, "question_type": "what is this", "sent": "What is this person riding?", "caption": "A man rides his skateboard at a skate park."}, {"answer_type": "other", "img_id": "COCO_train2014_000000393922", "label": {"france": 1, "germany": 0.3}, "question_id": 393922000, "question_type": "what", "sent": "What country is this?", "caption": "Various streets signs on a road in France"}, {"answer_type": "other", "img_id": "COCO_train2014_000000393922", "label": {"france": 0.3, "french": 0.3, "no flag": 0.9}, "question_id": 393922002, "question_type": "what", "sent": "What flag is hanging on the fence?", "caption": "A road sign signaling that France is around the corner. "}, {"answer_type": "other", "img_id": "COCO_train2014_000000393950", "label": {"full": 0.3, "single": 0.3, "twin": 1}, "question_id": 393950002, "question_type": "what", "sent": "What do you call this size of bed?", "caption": "A twin bed with a white knitted cover."}, {"answer_type": "other", "img_id": "COCO_train2014_000000525025", "label": {"airplane": 1, "plane": 1}, "question_id": 525025004, "question_type": "what", "sent": "What vehicle is in the image?", "caption": "An airplane flying above an airport and in front of a mountain range."}, {"answer_type": "other", "img_id": "COCO_train2014_000000131816", "label": {"food": 1, "lunch": 0.3, "plate": 0.3, "plates": 0.3}, "question_id": 131816000, "question_type": "what", "sent": "What  on the table?", "caption": "a woman sitting at a restaurant table with a plate of food."}, {"answer_type": "other", "img_id": "COCO_train2014_000000131816", "label": {"rectangle": 0.3, "square": 1}, "question_id": 131816002, "question_type": "what", "sent": "What shape is the woman's plate?", "caption": "A woman is smiling with a large square plate."}, {"answer_type": "other", "img_id": "COCO_train2014_000000262932", "label": {"blue": 1, "no": 0.3}, "question_id": 262932003, "question_type": "what", "sent": "What trail color is masculine?", "caption": "Two planes are flying by one another and one is putting off pink smoke while another puts off blue. "}, {"answer_type": "other", "img_id": "COCO_train2014_000000394008", "label": {"subway": 0.3}, "question_id": 394008000, "question_type": "what", "sent": "What terminal is this?", "caption": "A train terminal has decorative figurines and a clock."}, {"answer_type": "other", "img_id": "COCO_train2014_000000225213", "label": {"striped": 0.6, "stripes": 1, "zebra": 0.3}, "question_id": 225213003, "question_type": "what", "sent": "What pattern does the animal in the back illustrate?", "caption": "A rhinoceros stands close to a couple of zebra."}, {"answer_type": "other", "img_id": "COCO_train2014_000000131894", "label": {"diamond": 0.3, "diamonds": 0.9, "square": 0.3, "squares": 1}, "question_id": 131894000, "question_type": "what", "sent": "What shapes are the design on the shower curtain?", "caption": "A bathtub with a clear shower curtain with various blue diamonds on it."}, {"answer_type": "other", "img_id": "COCO_train2014_000000131902", "label": {"race": 0.9}, "question_id": 131902006, "question_type": "what", "sent": "What event are they cheering for?", "caption": "Spectators are clapping and a car precedes a race."}, {"answer_type": "other", "img_id": "COCO_train2014_000000131909", "label": {"cake": 1}, "question_id": 131909000, "question_type": "what", "sent": "What food is being served in this photo?", "caption": "A group of people stand around a birthday cake."}, {"answer_type": "other", "img_id": "COCO_train2014_000000131909", "label": {"birthday": 1}, "question_id": 131909011, "question_type": "what", "sent": "What holiday is it?", "caption": "A family celebrating the birthday of a child."}, {"answer_type": "other", "img_id": "COCO_train2014_000000371511", "label": {"ford": 1}, "question_id": 371511000, "question_type": "what", "sent": "What company is the sponsor?", "caption": "A guy has just hit a tennis ball at the Ford Australian Open."}, {"answer_type": "other", "img_id": "COCO_train2014_000000263006", "label": {"fall": 0.9}, "question_id": 263006003, "question_type": "what", "sent": "What happens if they let go of the rope?", "caption": "Two people on water skis holding onto a rope."}, {"answer_type": "other", "img_id": "COCO_train2014_000000157153", "label": {"school": 1}, "question_id": 157153000, "question_type": "what", "sent": "What sort of busses are closest to the bear?", "caption": "a couple of school buses and a train on the street "}, {"answer_type": "other", "img_id": "COCO_train2014_000000525212", "label": {"onion": 0.3, "onions": 0.6}, "question_id": 525212004, "question_type": "what", "sent": "What vegetables are represented on this hot dog?", "caption": "A hotdog with chili, onions and ketchup on a bun."}, {"answer_type": "other", "img_id": "COCO_train2014_000000132000", "label": {"fork and knife": 0.3, "knife": 0.6}, "question_id": 132000002, "question_type": "what", "sent": "What two utensils are in this picture?", "caption": "A knife that is on top of a banana."}, {"answer_type": "other", "img_id": "COCO_train2014_000000132002", "label": {"broccoli": 1}, "question_id": 132002000, "question_type": "what", "sent": "What vegetable makes up the grass?", "caption": "A meal made of broccoli, rice, and carrots in a form of a cat, tree and grass."}, {"answer_type": "other", "img_id": "COCO_train2014_000000132002", "label": {"halloween": 1}, "question_id": 132002002, "question_type": "what", "sent": "What holiday is being celebrated?", "caption": "an image of a container of food decorated for Halloween"}, {"answer_type": "other", "img_id": "COCO_train2014_000000432119", "label": {"pink": 0.9, "purple": 1}, "question_id": 432119002, "question_type": "what color is the", "sent": "What color is the vase?", "caption": "A colorful purple and pink container sits atop a table"}, {"answer_type": "other", "img_id": "COCO_train2014_000000394175", "label": {"blue": 1, "blue and white": 0.9}, "question_id": 394175004, "question_type": "what color is the", "sent": "What color is the bedding?", "caption": "A bedroom with blue walls and bedspread and white furniture"}, {"answer_type": "other", "img_id": "COCO_train2014_000000546300", "label": {"blue": 1, "green": 0.9, "white": 0.3}, "question_id": 546300004, "question_type": "what color is the", "sent": "What color is the bench?", "caption": "A blue bench in a person's backyard area"}, {"answer_type": "other", "img_id": "COCO_train2014_000000132081", "label": {"white": 1}, "question_id": 132081000, "question_type": "what color is the", "sent": "What color is the fridge?", "caption": "An open white refrigerator sits on a patch of grass between the street and the sidewalk."}, {"answer_type": "other", "img_id": "COCO_train2014_000000394234", "label": {"white": 1, "white and black": 0.3}, "question_id": 394234010, "question_type": "what color is the", "sent": "What color is the cat's paws?", "caption": "The black and white cat rests it's paws on a laptop."}, {"answer_type": "other", "img_id": "COCO_train2014_000000394234", "label": {"black": 0.3, "black and white": 1, "black white": 0.3, "brown": 0.3}, "question_id": 394234014, "question_type": "what color is the", "sent": "What color is the cat?", "caption": "A black and white cat laying on top of a computer."}, {"answer_type": "other", "img_id": "COCO_train2014_000000394248", "label": {"green": 1, "green and blue": 0.3}, "question_id": 394248000, "question_type": "what color is the", "sent": "What color is the man's tie?", "caption": "A man in a green tie and walking in the grass with a pig."}, {"answer_type": "other", "img_id": "COCO_train2014_000000132120", "label": {"yellow": 1}, "question_id": 132120002, "question_type": "what color is the", "sent": "What color is the frisbee?", "caption": "A young man tossing a yellow frisbee in a park."}, {"answer_type": "other", "img_id": "COCO_train2014_000000263196", "label": {"beige": 0.3, "brown": 1, "tan": 0.6, "white": 0.3}, "question_id": 263196002, "question_type": "what color is the", "sent": "What color is the horse?", "caption": "A tan horse peeking its head over the fence in a pasture."}, {"answer_type": "other", "img_id": "COCO_train2014_000000132170", "label": {"white": 1}, "question_id": 132170027, "question_type": "what color is the", "sent": "What color is the dog?", "caption": "A large white dog sits on a love seat."}, {"answer_type": "other", "img_id": "COCO_train2014_000000525398", "label": {"maroon": 0.3, "red": 1}, "question_id": 525398002, "question_type": "what color is the", "sent": "What color is the middle car?", "caption": "A yellow, red, and black train car sit in a row on train tracks."}, {"answer_type": "other", "img_id": "COCO_train2014_000000394330", "label": {"blue": 1, "purple": 0.3}, "question_id": 394330004, "question_type": "what color is the", "sent": "What color is the tea kettle?", "caption": "There is a blue kettle sitting on the stove."}, {"answer_type": "other", "img_id": "COCO_train2014_000000263264", "label": {"red": 0.6, "red and black": 1, "red and white": 0.3}, "question_id": 263264001, "question_type": "what color is the", "sent": "What color is the mouse?", "caption": "a laptop with a red mouse sitting under a lamp"}, {"answer_type": "other", "img_id": "COCO_train2014_000000263271", "label": {"beige": 0.3, "cream": 0.3, "white": 0.6, "white and brown": 0.9}, "question_id": 263271004, "question_type": "what color is the", "sent": "What color  is the plate?", "caption": "A burger and fries on a white plate with brown trimming."}, {"answer_type": "other", "img_id": "COCO_train2014_000000571790", "label": {"red": 1, "red and white": 0.9}, "question_id": 571790000, "question_type": "what color is the", "sent": "What color is the sign?", "caption": "there is a red stop sign in front of houses"}, {"answer_type": "other", "img_id": "COCO_train2014_000000394436", "label": {"blue": 1, "blue and orange": 0.6, "blue and red": 1}, "question_id": 394436002, "question_type": "what color is the", "sent": "What color is the train?", "caption": "A blue train is parked on the train tracks."}, {"answer_type": "other", "img_id": "COCO_train2014_000000525529", "label": {"white": 1}, "question_id": 525529005, "question_type": "what color is the", "sent": "What color is the plate?", "caption": "A white plate topped with a vegetables salad."}, {"answer_type": "other", "img_id": "COCO_train2014_000000263400", "label": {"brown": 1}, "question_id": 263400002, "question_type": "what color is the", "sent": "What color is the bench?", "caption": "A bench made of logs and set on a trail."}, {"answer_type": "other", "img_id": "COCO_train2014_000000394476", "label": {"white": 1}, "question_id": 394476002, "question_type": "what color is the", "sent": "What color is the toilet?", "caption": "a small bathroom with a white toilet and sink"}, {"answer_type": "other", "img_id": "COCO_train2014_000000263405", "label": {"blue": 1}, "question_id": 263405004, "question_type": "what color is the", "sent": "What color is the couch?", "caption": "a room that has a big rug and a blue couch"}, {"answer_type": "yes/no", "img_id": "COCO_train2014_000000263440", "label": {"no": 1}, "question_id": 263440002, "question_type": "is this", "sent": "Is this kid eating a doughnut?", "caption": "A little girl riding a skateboard on top of a widewalk."}, {"answer_type": "yes/no", "img_id": "COCO_train2014_000000394514", "label": {"no": 0.9, "yes": 1}, "question_id": 394514004, "question_type": "is this", "sent": "Is this man currently in motion?", "caption": "A boy with red hair rides a skateboard while drinking soda. "}, {"answer_type": "yes/no", "img_id": "COCO_train2014_000000525591", "label": {"no": 0.3, "yes": 1}, "question_id": 525591004, "question_type": "is this", "sent": "Is this taken at high elevation?", "caption": "Two sheep are wandering on the green hillside."}, {"answer_type": "yes/no", "img_id": "COCO_train2014_000000132385", "label": {"no": 1}, "question_id": 132385001, "question_type": "is this", "sent": "Is this part of a ballet?", "caption": "A teenage doing tricks on a skateboard in a skate park."}, {"answer_type": "yes/no", "img_id": "COCO_train2014_000000525607", "label": {"no": 1}, "question_id": 525607001, "question_type": "is this", "sent": "Is this plane deboarding?", "caption": "A Japan Airlines jet sits on an airport runway."}, {"answer_type": "yes/no", "img_id": "COCO_train2014_000000502665", "label": {"no": 1, "yes": 1}, "question_id": 502665014, "question_type": "is this", "sent": "Is this room large?", "caption": "A small bathroom with white tiles behind a wooden door."}, {"answer_type": "yes/no", "img_id": "COCO_train2014_000000502665", "label": {"yes": 1}, "question_id": 502665028, "question_type": "is this", "sent": "Is this photo colored?", "caption": "White bathroom with a tile floor and walls."}, {"answer_type": "yes/no", "img_id": "COCO_train2014_000000132420", "label": {"yes": 1}, "question_id": 132420004, "question_type": "is this", "sent": "Is this dog at the beach?", "caption": "A dog standing on top of a sandy beach near the ocean."}, {"answer_type": "yes/no", "img_id": "COCO_train2014_000000394565", "label": {"no": 1}, "question_id": 394565002, "question_type": "is this", "sent": "Is this in a restaurant?", "caption": "A group of ten people in business attire at the end of a conference table standing up for a group photo."}, {"answer_type": "yes/no", "img_id": "COCO_train2014_000000394653", "label": {"yes": 1}, "question_id": 394653001, "question_type": "is this", "sent": "Is this picture black and white?", "caption": "A black-and-white photo of two tennis players holding rackets."}, {"answer_type": "yes/no", "img_id": "COCO_train2014_000000263609", "label": {"no": 1}, "question_id": 263609003, "question_type": "is this", "sent": "Is this person's face painted?", "caption": "A man standing in the sun under an umbrella."}, {"answer_type": "yes/no", "img_id": "COCO_train2014_000000394682", "label": {"no": 1}, "question_id": 394682000, "question_type": "is this", "sent": "Is this dog looking at the camera?", "caption": "a dog laying on a wooden step near a house"}, {"answer_type": "yes/no", "img_id": "COCO_train2014_000000132564", "label": {"yes": 1}, "question_id": 132564008, "question_type": "is this", "sent": "Is this the proper shirt to wear with a tie?", "caption": "A man in a dress shirt and tie holds his arm outstretched"}, {"answer_type": "yes/no", "img_id": "COCO_train2014_000000132626", "label": {"no": 0.6, "yes": 1}, "question_id": 132626002, "question_type": "is this", "sent": "Is this man in a parade?", "caption": "a man is riding a motorcycle with a woman in a parade"}, {"answer_type": "yes/no", "img_id": "COCO_train2014_000000394776", "label": {"no": 1, "yes": 0.9}, "question_id": 394776002, "question_type": "is this", "sent": "Is this photo in America?", "caption": "A smart car at a red light in Sydney, Australia"}, {"answer_type": "yes/no", "img_id": "COCO_train2014_000000394817", "label": {"no": 1, "yes": 0.9}, "question_id": 394817000, "question_type": "is this", "sent": "Is this dirty?", "caption": "a well cleaned toilet and a dustbin besides"}, {"answer_type": "yes/no", "img_id": "COCO_train2014_000000263764", "label": {"no": 1}, "question_id": 263764086, "question_type": "is this", "sent": "Is this scene outdoors?", "caption": "A woman drinking a beer standing in a kitchen."}, {"answer_type": "yes/no", "img_id": "COCO_train2014_000000263764", "label": {"no": 1}, "question_id": 263764100, "question_type": "is this", "sent": "Is this women drunk?", "caption": "A woman drinking a beer standing in a kitchen."}, {"answer_type": "yes/no", "img_id": "COCO_train2014_000000502719", "label": {"yes": 1}, "question_id": 502719000, "question_type": "is this", "sent": "Is this train accommodating to passengers?", "caption": "A passenger train is switching tracks near many other rails."}, {"answer_type": "yes/no", "img_id": "COCO_train2014_000000132816", "label": {"yes": 1}, "question_id": 132816000, "question_type": "is this", "sent": "Is this kid eating a doughnut?", "caption": "A little boy in a blue zip-up eating a doughnut."}, {"answer_type": "other", "img_id": "COCO_train2014_000000175072", "label": {"skiing": 1, "walking": 1}, "question_id": 175072003, "question_type": "what is the person", "sent": "What is the person doing?", "caption": "a man is walking in the snow carrying his skies"}, {"answer_type": "other", "img_id": "COCO_train2014_000000264250", "label": {"bench": 1}, "question_id": 264250000, "question_type": "what is the person", "sent": "What is the person sitting on?", "caption": "A woman is on a bench, resting her feet on a suitcase"}, {"answer_type": "other", "img_id": "COCO_train2014_000000395347", "label": {"skateboard": 1}, "question_id": 395347002, "question_type": "what is the person", "sent": "What is the person standing on?", "caption": "A person standing on top of a skateboard."}, {"answer_type": "other", "img_id": "COCO_train2014_000000248255", "label": {"skateboard": 1}, "question_id": 248255003, "question_type": "what is the person", "sent": "What is the person riding?", "caption": "A young man is on his skateboard, trying to pull off a trick. "}, {"answer_type": "other", "img_id": "COCO_train2014_000000415446", "label": {"donut": 1, "doughnut": 0.9}, "question_id": 415446002, "question_type": "what is the person", "sent": "What is the person holding in his hand?", "caption": "A man eating a donut dipped in hot chocolate."}, {"answer_type": "other", "img_id": "COCO_train2014_000000133482", "label": {"flag": 1, "pole": 0.3}, "question_id": 133482000, "question_type": "what is the person", "sent": "What is the person on the horse holding?", "caption": "the man is riding a horse while holding a flag"}, {"answer_type": "other", "img_id": "COCO_train2014_000000264589", "label": {"skateboarding": 1}, "question_id": 264589002, "question_type": "what is the person", "sent": "What is the person doing?", "caption": "A series of photos of a man doing a trick on a skateboard."}, {"answer_type": "other", "img_id": "COCO_train2014_000000175180", "label": {"snowboard": 1}, "question_id": 175180002, "question_type": "what is the person", "sent": "What is the person riding?", "caption": "A person wearing googles jumping on a snowboard."}, {"answer_type": "other", "img_id": "COCO_train2014_000000526953", "label": {"jumping": 1, "playing tennis": 1, "tennis": 0.6}, "question_id": 526953005, "question_type": "what is the person", "sent": "What is the person doing?", "caption": "A man jumping in the air and swinging his racket while playing tennis. "}, {"answer_type": "other", "img_id": "COCO_train2014_000000233955", "label": {"taking photo": 0.3, "taking picture": 1}, "question_id": 233955000, "question_type": "what is the person", "sent": "What is the person in the picture doing?", "caption": "A person taking a picture of a bathroom with a toilet and a bowl sink."}, {"answer_type": "other", "img_id": "COCO_train2014_000000177726", "label": {"skateboarding": 1, "skating": 0.6}, "question_id": 177726004, "question_type": "what is the person", "sent": "What is the person doing?", "caption": "Guy in jeans and tee shirt skate boarding in a building."}, {"answer_type": "other", "img_id": "COCO_train2014_000000494954", "label": {"umbrella": 1}, "question_id": 494954000, "question_type": "what is the person", "sent": "What is the person on the bicycle carrying?", "caption": "A person with an umbrella is riding a bike down a street."}, {"answer_type": "other", "img_id": "COCO_train2014_000000265273", "label": {"baby": 0.3, "holding baby": 1}, "question_id": 265273000, "question_type": "what is the person", "sent": "What is the person in white doing?", "caption": "Adult wearing white shirt and tie holding baby in outdoor scene."}, {"answer_type": "other", "img_id": "COCO_train2014_000000527507", "label": {"skateboard": 1}, "question_id": 527507001, "question_type": "what is the person", "sent": "What is the person on?", "caption": "A man is standing on a skateboard and rolling downhill"}, {"answer_type": "other", "img_id": "COCO_train2014_000000396534", "label": {"racket": 0.3, "racquet": 0.3, "tennis player": 0.3, "tennis racket": 0.9, "tennis racquet": 1}, "question_id": 396534001, "question_type": "what is the person", "sent": "What is the person holding in his hands?", "caption": "A man holding a tennis racquet on a tennis court "}, {"answer_type": "other", "img_id": "COCO_train2014_000000527868", "label": {"surfer": 0.3, "surfing": 1}, "question_id": 527868002, "question_type": "what is the person", "sent": "What is the person doing?", "caption": "A man is riding a wave on a surfboard"}, {"answer_type": "other", "img_id": "COCO_train2014_000000396812", "label": {"racket": 1, "racquet": 0.3, "tennis racket": 1}, "question_id": 396812002, "question_type": "what is the person", "sent": "What is the person holding?", "caption": "A foot beside a hand holding a tennis racket."}, {"answer_type": "other", "img_id": "COCO_train2014_000000266010", "label": {"box": 1}, "question_id": 266010010, "question_type": "what is the person", "sent": "What is the person cutting?", "caption": "A person cutting an opening in a box with some scissors."}, {"answer_type": "other", "img_id": "COCO_train2014_000000134948", "label": {"food": 0.3, "skateboard": 0.3, "surfboard": 1}, "question_id": 134948000, "question_type": "what is the person", "sent": "What is the person holding in his hand?", "caption": "A man walking along a beach holding a surfboard."}, {"answer_type": "other", "img_id": "COCO_train2014_000000393333", "label": {"skiing": 1, "snowboarding": 1}, "question_id": 393333003, "question_type": "what is the person", "sent": "What is the person doing?", "caption": "A person airborne while snowboarding down a mountain."}, {"answer_type": "other", "img_id": "COCO_train2014_000000397231", "label": {"nothing": 1, "tongue": 1}, "question_id": 397231003, "question_type": "what is in the", "sent": "What is in the dog's mouth?", "caption": "a black dog with its tongue out running around"}, {"answer_type": "other", "img_id": "COCO_train2014_000000397253", "label": {"computer": 1, "keyboard": 0.6}, "question_id": 397253004, "question_type": "what is in the", "sent": "What is in the center of the desk?", "caption": "A desk with two computer monitors is seen in a bedroom."}, {"answer_type": "other", "img_id": "COCO_train2014_000000397388", "label": {"beads": 0.3, "flower": 0.3, "flowers": 0.3}, "question_id": 397388000, "question_type": "what is in the", "sent": "What is in the vase?", "caption": "a vase with purple sand and flowers inside"}, {"answer_type": "other", "img_id": "COCO_train2014_000000475735", "label": {"air": 0.3, "frisbee": 1}, "question_id": 475735019, "question_type": "what is in the", "sent": "What is in the man's right hand?", "caption": "A young man is preparing to throw a Frisbee."}, {"answer_type": "other", "img_id": "COCO_train2014_000000266336", "label": {"nothing": 1}, "question_id": 266336000, "question_type": "what is in the", "sent": "What is in the open cabinets?", "caption": "Kitchen view with black microwave, black and stainless stove and almond fridge. Open empty cabinets."}, {"answer_type": "other", "img_id": "COCO_train2014_000000175477", "label": {"jar": 0.3, "pepper": 0.6, "soda": 0.3, "spices": 0.3, "vase": 0.3}, "question_id": 175477005, "question_type": "what is in the", "sent": "What is in the small container behind the pizza?", "caption": "A pizza on a plate sitting next to a pepper shaker."}, {"answer_type": "other", "img_id": "COCO_train2014_000000350253", "label": {"salad": 0.3, "vegetables": 0.3, "veggies": 0.3}, "question_id": 350253002, "question_type": "what is in the", "sent": "What is in the bowl?", "caption": "There are some cooked vegetables in the bowl."}, {"answer_type": "other", "img_id": "COCO_train2014_000000580629", "label": {"bowl": 0.6}, "question_id": 580629002, "question_type": "what is in the", "sent": "What is in the sink?", "caption": "A bowl and spoon are in a black sink."}, {"answer_type": "other", "img_id": "COCO_train2014_000000528761", "label": {"clouds": 1}, "question_id": 528761003, "question_type": "what is in the", "sent": "What is in the sky?", "caption": "Three people standing in a large field on a cloudy day."}, {"answer_type": "other", "img_id": "COCO_train2014_000000135628", "label": {"black": 0.3, "food": 1, "nothing": 0.9, "water": 0.6}, "question_id": 135628006, "question_type": "what is in the", "sent": "What is in the birds beak?", "caption": "This image is of birds eating food that was left outside on a table."}, {"answer_type": "other", "img_id": "COCO_train2014_000000528890", "label": {"bear": 0.3, "dog": 0.3, "tourist": 0.3}, "question_id": 528890002, "question_type": "what is in the", "sent": "What is in the picture?", "caption": "A woman standing next to a giant teddy bear."}, {"answer_type": "other", "img_id": "COCO_train2014_000000397819", "label": {"mirror": 1, "toothbrush": 0.6}, "question_id": 397819001, "question_type": "what is in the", "sent": "What is in the woman's hand?", "caption": "A woman holds a mirror and cleans another woman's teeth."}, {"answer_type": "other", "img_id": "COCO_train2014_000000397819", "label": {"mirror": 1, "toothbrush": 0.6}, "question_id": 397819041, "question_type": "what is in the", "sent": "What is in the females right hand?", "caption": "A woman holds a mirror and cleans another woman's teeth."}, {"answer_type": "other", "img_id": "COCO_train2014_000000528892", "label": {"dinner": 0.3, "food": 1}, "question_id": 528892002, "question_type": "what is in the", "sent": "What is in the picture?", "caption": "A wooden table topped with plates and containers of food."}, {"answer_type": "other", "img_id": "COCO_train2014_000000528903", "label": {"car": 1, "cars": 0.3}, "question_id": 528903001, "question_type": "what is in the", "sent": "What is in the picture?", "caption": "A small yellow car in a race on public roads"}, {"answer_type": "other", "img_id": "COCO_train2014_000000528906", "label": {"police": 1}, "question_id": 528906001, "question_type": "what is in the", "sent": "What is in the picture?", "caption": "a line of police men  that are posing for a picture"}, {"answer_type": "other", "img_id": "COCO_train2014_000000266859", "label": {"milk": 1}, "question_id": 266859004, "question_type": "what is in the", "sent": "What is in the glasses?", "caption": "Watermelon slices with a sandwich and glass of chocolate milk."}, {"answer_type": "other", "img_id": "COCO_train2014_000000104919", "label": {"trees": 1}, "question_id": 104919012, "question_type": "what is in the", "sent": "What is in the background of the picture?", "caption": "A man on waterskis with trees in the background."}, {"answer_type": "other", "img_id": "COCO_train2014_000000136229", "label": {"banana": 1}, "question_id": 136229001, "question_type": "what is in the", "sent": "What is in the babies mouth?", "caption": "A baby holding a banana in it's mouth."}, {"answer_type": "other", "img_id": "COCO_train2014_000000529465", "label": {"champagne": 0.9, "wine": 1}, "question_id": 529465002, "question_type": "what is in the", "sent": "What is in the glass?", "caption": "A wedding cake next to romantic photos and a glass of wine"}, {"answer_type": "other", "img_id": "COCO_train2014_000000197471", "label": {"taking off": 1}, "question_id": 197471002, "question_type": "is the", "sent": "Is the plane taking off or landing?", "caption": "An airplane is taking off from an airport. "}, {"answer_type": "yes/no", "img_id": "COCO_train2014_000000568851", "label": {"no": 1}, "question_id": 568851002, "question_type": "is the", "sent": "Is the pizza whole?", "caption": "A pizza laying on an open box with a slice missing."}, {"answer_type": "yes/no", "img_id": "COCO_train2014_000000529532", "label": {"no": 0.3, "yes": 1}, "question_id": 529532002, "question_type": "is the", "sent": "Is the giraffe sitting?", "caption": "A couple of giraffes sitting and standing in an enclosure at a zoo."}, {"answer_type": "yes/no", "img_id": "COCO_train2014_000000136360", "label": {"yes": 1}, "question_id": 136360006, "question_type": "is the", "sent": "Is the pizza cooked?", "caption": "Cooked pizza sits on a wooden pan on top of the stove"}, {"answer_type": "yes/no", "img_id": "COCO_train2014_000000136365", "label": {"yes": 1}, "question_id": 136365002, "question_type": "is the", "sent": "Is the a child?", "caption": "A child with a racket stands on a court."}, {"answer_type": "yes/no", "img_id": "COCO_train2014_000000136373", "label": {"no": 0.6, "yes": 1}, "question_id": 136373013, "question_type": "is the", "sent": "Is the dog sleeping?", "caption": "A couple of dogs sleeping on top of a bed in a bedroom."}, {"answer_type": "yes/no", "img_id": "COCO_train2014_000000263028", "label": {"no": 1, "yes": 0.6}, "question_id": 263028003, "question_type": "is the", "sent": "Is the modern way of working a field?", "caption": "A man plows with two horses at the far end of a field."}, {"answer_type": "yes/no", "img_id": "COCO_train2014_000000398527", "label": {"yes": 1}, "question_id": 398527001, "question_type": "is the", "sent": "Is the bus parked?", "caption": "a red bus being parked besides a brown building"}, {"answer_type": "yes/no", "img_id": "COCO_train2014_000000529602", "label": {"no": 1, "yes": 1}, "question_id": 529602001, "question_type": "is the", "sent": "Is the fence made of chicken wire?", "caption": "The calf is in a small wire cage."}, {"answer_type": "yes/no", "img_id": "COCO_train2014_000000310058", "label": {"no": 0.6, "yes": 1}, "question_id": 310058004, "question_type": "is the", "sent": "Is the cat asleep?", "caption": "A cat sleeping under a comforter on a bed."}, {"answer_type": "yes/no", "img_id": "COCO_train2014_000000398568", "label": {"yes": 1}, "question_id": 398568000, "question_type": "is the", "sent": "Is the skateboarder's head protected?", "caption": "A man with a helmet and gloves on, on a skateboard in the street. "}, {"answer_type": "other", "img_id": "COCO_train2014_000000437801", "label": {"pepperoni": 1}, "question_id": 437801009, "question_type": "is the", "sent": "Is the pizza topping spinach or pepperoni?", "caption": "Three slices of pepperoni pizza on a plate and a bottle of Arizona tea."}, {"answer_type": "yes/no", "img_id": "COCO_train2014_000000202548", "label": {"no": 1, "yes": 1}, "question_id": 202548002, "question_type": "is the", "sent": "Is the bag empty?", "caption": "A cat is looking in someone's bag for something."}, {"answer_type": "yes/no", "img_id": "COCO_train2014_000000529012", "label": {"no": 0.3, "yes": 1}, "question_id": 529012002, "question_type": "is the", "sent": "Is the banana ripe?", "caption": "A ripe banana is sitting on a computer keyboard."}, {"answer_type": "yes/no", "img_id": "COCO_train2014_000000267531", "label": {"no": 0.3, "yes": 1}, "question_id": 267531002, "question_type": "is the", "sent": "Is the orange ready to be consumed?", "caption": "two ripe looking navel oranges growing on a tree"}, {"answer_type": "other", "img_id": "COCO_train2014_000000398622", "label": {"clean": 1, "dirty": 0.3}, "question_id": 398622000, "question_type": "is the", "sent": "Is the water clean or dirty?", "caption": "A black bear swimming in a crystal clear river."}, {"answer_type": "other", "img_id": "COCO_train2014_000000398632", "label": {"small": 1}, "question_id": 398632000, "question_type": "is the", "sent": "Is the dog small or large?", "caption": "a small dog on a wooden bench for sitting"}, {"answer_type": "yes/no", "img_id": "COCO_train2014_000000267568", "label": {"no": 0.3, "yes": 1}, "question_id": 267568001, "question_type": "is the", "sent": "Is the train on the tracks?", "caption": "A large long train on a steel track."}, {"answer_type": "yes/no", "img_id": "COCO_train2014_000000267568", "label": {"yes": 1}, "question_id": 267568002, "question_type": "is the", "sent": "Is the train black?", "caption": "A black old-fashioned train is on exhibit. "}, {"answer_type": "yes/no", "img_id": "COCO_train2014_000000136503", "label": {"yes": 1}, "question_id": 136503000, "question_type": "is the", "sent": "Is the child wearing a head covering?", "caption": "A child with a hat that is standing in the grass."}, {"answer_type": "yes/no", "img_id": "COCO_train2014_000000131978", "label": {"no": 0.6, "yes": 1}, "question_id": 131978000, "question_type": "is there", "sent": "Is there smoke coming out the train?", "caption": "An old black train has smoke coming out of the top."}]