[{"answer_type": "number", "img_id": "COCO_train2014_000000393230", "label": {"1": 1}, "question_id": 393230001, "question_type": "how many people are in", "sent": "How many people are in this image?", "caption": "A man is trying to ski down a small hill."}, {"answer_type": "number", "img_id": "COCO_train2014_000000262273", "label": {"1": 1}, "question_id": 262273008, "question_type": "how many people are in", "sent": "How many people are in the image?", "caption": "A male skier is posing for the camera with ski gear"}, {"answer_type": "number", "img_id": "COCO_train2014_000000131366", "label": {"4": 1}, "question_id": 131366004, "question_type": "how many people are in", "sent": "How many people are in this photo?", "caption": "Four women equipped with tennis rackets and attire. "}, {"answer_type": "number", "img_id": "COCO_train2014_000000262508", "label": {"2": 1}, "question_id": 262508003, "question_type": "how many people are in", "sent": "How many people are in the picture?", "caption": "Two boys stand in the outfield during a baseball game."}, {"answer_type": "number", "img_id": "COCO_train2014_000000305901", "label": {"2": 1}, "question_id": 305901002, "question_type": "how many people are in", "sent": "How many people are in this picture?", "caption": "a person holding a cell phone and the other beside her."}, {"answer_type": "number", "img_id": "COCO_train2014_000000262688", "label": {"2": 0.3, "3": 1, "6": 0.3, "7": 0.3}, "question_id": 262688022, "question_type": "how many people are in", "sent": "How many people are in the photo?", "caption": "Three people are on snow skis on flat ground."}, {"answer_type": "number", "img_id": "COCO_train2014_000000262705", "label": {"1": 1}, "question_id": 262705003, "question_type": "how many people are in", "sent": "How many people are in this picture?", "caption": "A young child is skiing down a snowy slope"}, {"answer_type": "number", "img_id": "COCO_train2014_000000131721", "label": {"2": 1}, "question_id": 131721001, "question_type": "how many people are in", "sent": "How many people are in the water?", "caption": "A young boy and a man surfing in the ocean."}, {"answer_type": "number", "img_id": "COCO_train2014_000000131742", "label": {"1": 1, "2": 0.3}, "question_id": 131742008, "question_type": "how many people are in", "sent": "How many people are in this picture?", "caption": "A man is standing in a field under a blue sky."}, {"answer_type": "number", "img_id": "COCO_train2014_000000262884", "label": {"2": 1, "3": 0.3}, "question_id": 262884005, "question_type": "how many people are in", "sent": "How many people are in the picture?", "caption": "Tennis player is hitting the ball and the referee is sitting behind her."}, {"answer_type": "number", "img_id": "COCO_train2014_000000467032", "label": {"1": 1}, "question_id": 467032002, "question_type": "how many people are in", "sent": "How many people are in the boat?", "caption": "A man sitting in a boat on very still water."}, {"answer_type": "number", "img_id": "COCO_train2014_000000131961", "label": {"2": 1}, "question_id": 131961005, "question_type": "how many people are in", "sent": "How many people are in the photo?", "caption": "Two women sitting on a bench surrounded by a stone building."}, {"answer_type": "number", "img_id": "COCO_train2014_000000394242", "label": {"16": 0.3, "5": 1, "7": 0.3}, "question_id": 394242003, "question_type": "how many people are in", "sent": "How many people are in this scene?", "caption": "Five surfers at the beach."}, {"answer_type": "number", "img_id": "COCO_train2014_000000394572", "label": {"1": 1}, "question_id": 394572004, "question_type": "how many people are in", "sent": "How many people are in this scene?", "caption": "A man eating at a table by himself."}, {"answer_type": "number", "img_id": "COCO_train2014_000000263639", "label": {"0": 0.9, "1": 0.3, "100": 0.3, "25": 0.3, "5": 0.3, "59": 0.3, "i don't know": 0.3, "lot": 0.3}, "question_id": 263639002, "question_type": "how many people are in", "sent": "How many people are in the train?", "caption": "A yellow train entering into the loading dock of a train station."}, {"answer_type": "number", "img_id": "COCO_train2014_000000263764", "label": {"2": 1, "3": 0.3}, "question_id": 263764128, "question_type": "how many people are in", "sent": "How many people are in the picture?", "caption": "Two women are in a kitchen with two ovens."}]