[{"answer_type": "yes/no", "img_id": "COCO_train2014_000000567990", "label": {"no": 0.3, "yes": 1}, "question_id": 567990003, "question_type": "does this", "sent": "Does this pizza have a deep dish crust?", "caption": "A large cheese pizza with dish crust on a white plate."}, {"answer_type": "yes/no", "img_id": "COCO_train2014_000000524377", "label": {"no": 1, "yes": 1}, "question_id": 524377038, "question_type": "does this", "sent": "Does this breakfast dish primarily carbohydrates?", "caption": "A hot dog or sausage in a bun with bowl containing condiment and bacon on the side."}, {"answer_type": "yes/no", "img_id": "COCO_train2014_000000262261", "label": {"yes": 1}, "question_id": 262261002, "question_type": "does this", "sent": "Does this image contain a pie pan?", "caption": "A knife sits in a pie tin and only one piece of pie remains. "}, {"answer_type": "yes/no", "img_id": "COCO_train2014_000000131300", "label": {"no": 1}, "question_id": 131300001, "question_type": "does this", "sent": "Does this oven look new?", "caption": "A pizza is cooked in an old stained oven."}, {"answer_type": "yes/no", "img_id": "COCO_train2014_000000546179", "label": {"yes": 1}, "question_id": 546179005, "question_type": "does this", "sent": "Does this look clean?", "caption": "A clean but empty bathroom has a white shower curtain."}, {"answer_type": "yes/no", "img_id": "COCO_train2014_000000393493", "label": {"yes": 1}, "question_id": 393493000, "question_type": "does this", "sent": "Does this bike have training wheels?", "caption": "A young child in a park next to a red bench and red bicycle that as training wheels."}, {"answer_type": "yes/no", "img_id": "COCO_train2014_000000109277", "label": {"no": 1}, "question_id": 109277002, "question_type": "does this", "sent": "Does this room have a low ceiling?", "caption": " A  man, hand on hip, stands on an orange/aqua rug with a host of stack-able chairs resting on it, surrounded with  walls, covered in green strips, smiles at a second man; while overhead a vaulted ceiling with struts suggests a sports edifice. "}, {"answer_type": "yes/no", "img_id": "COCO_train2014_000000131470", "label": {"no": 0.3, "yes": 1}, "question_id": 131470000, "question_type": "does this", "sent": "Does this food look burnt?", "caption": "A burnt breakfast sandwich sits alongside a cup of coffee."}, {"answer_type": "yes/no", "img_id": "COCO_train2014_000000393705", "label": {"no": 1}, "question_id": 393705002, "question_type": "does this", "sent": "Does this stall have toilet paper?", "caption": "A bathroom with a white toilet and a metal grate."}, {"answer_type": "other", "img_id": "COCO_train2014_000000525015", "label": {"professional": 1, "yes": 0.3}, "question_id": 525015002, "question_type": "does this", "sent": "Does this person appear to be a professional or amateur skier?", "caption": "A professional skier in yellow jacket on skis going down a hill."}, {"answer_type": "yes/no", "img_id": "COCO_train2014_000000525104", "label": {"no": 1, "yes": 0.9}, "question_id": 525104000, "question_type": "does this", "sent": "Does this bus have a roof?", "caption": "A red double-decker bus without a roof."}, {"answer_type": "yes/no", "img_id": "COCO_train2014_000000432119", "label": {"no": 0.9, "yes": 1}, "question_id": 432119001, "question_type": "does this", "sent": "Does this painting have a warm palette?", "caption": "A colorful purple and pink container sits atop a table"}, {"answer_type": "yes/no", "img_id": "COCO_train2014_000000132170", "label": {"no": 1, "yes": 0.6}, "question_id": 132170045, "question_type": "does this", "sent": "Does this dog want to rest by the window?", "caption": "A large white dog sits on a love seat."}, {"answer_type": "yes/no", "img_id": "COCO_train2014_000000263302", "label": {"yes": 1}, "question_id": 263302002, "question_type": "does this", "sent": "Does this bathroom need to be fixed?", "caption": "This is an old run down bathroom that needs to be fixed."}, {"answer_type": "yes/no", "img_id": "COCO_train2014_000000284192", "label": {"yes": 1}, "question_id": 284192002, "question_type": "does this", "sent": "Does this look to be a playground?", "caption": "A child standing on a playground toy that has springs under it."}, {"answer_type": "yes/no", "img_id": "COCO_train2014_000000356144", "label": {"no": 1, "yes": 0.3}, "question_id": 356144006, "question_type": "does this", "sent": "Does this man look comfortable?", "caption": "A man adjusting his neck tie while making a weird face."}, {"answer_type": "yes/no", "img_id": "COCO_train2014_000000394547", "label": {"no": 1}, "question_id": 394547000, "question_type": "does this", "sent": "Does this photo look recent?", "caption": "a vintage picture of a woman riding on a line in the air"}, {"answer_type": "yes/no", "img_id": "COCO_train2014_000000394550", "label": {"no": 1, "yes": 0.3}, "question_id": 394550006, "question_type": "does this", "sent": "Does this cake look like it chocolate?", "caption": "A close up of two doughnuts on a plate."}, {"answer_type": "yes/no", "img_id": "COCO_train2014_000000502665", "label": {"no": 1, "yes": 1}, "question_id": 502665007, "question_type": "does this", "sent": "Does this bathroom look modern?", "caption": "A modern bathroom with bathroom furniture and decor. "}, {"answer_type": "yes/no", "img_id": "COCO_train2014_000000446819", "label": {"no": 0.3, "yes": 1}, "question_id": 446819004, "question_type": "does this", "sent": "Does this belong here?", "caption": "A long haired cow in a pasture surrounded by metal wire."}, {"answer_type": "yes/no", "img_id": "COCO_train2014_000000394600", "label": {"can't tell": 0.3, "no": 0.6, "yes": 1}, "question_id": 394600005, "question_type": "is the woman", "sent": "Is the woman wearing a wedding ring?", "caption": "The woman on the phone has a wedding ring on her hand."}, {"answer_type": "number", "img_id": "COCO_train2014_000000525684", "label": {"2": 1}, "question_id": 525684007, "question_type": "is the woman", "sent": "Is the woman wearing a one or two piece swimsuit?", "caption": "A woman in a two piece swimsuit paddles her surfboard into the ocean."}, {"answer_type": "yes/no", "img_id": "COCO_train2014_000000525684", "label": {"yes": 1}, "question_id": 525684008, "question_type": "is the woman", "sent": "Is the woman attractive?", "caption": "A beautiful woman riding a surfboard in a skimpy outfit."}, {"answer_type": "yes/no", "img_id": "COCO_train2014_000000525684", "label": {"no": 0.3, "yes": 1}, "question_id": 525684009, "question_type": "is the woman", "sent": "Is the woman going to stand up?", "caption": "A person who is laying on their stomach on a surfboard. "}, {"answer_type": "yes/no", "img_id": "COCO_train2014_000000263764", "label": {"no": 1}, "question_id": 263764119, "question_type": "is the woman", "sent": "Is the woman on the far right of the image drinking from the bottle?", "caption": "The woman on the right is standing in front of the stove holding a rag."}, {"answer_type": "yes/no", "img_id": "COCO_train2014_000000395241", "label": {"yes": 1}, "question_id": 395241004, "question_type": "is the woman", "sent": "Is the woman on her phone?", "caption": "A man standing with a woman on phone on the side of a road near a tree."}, {"answer_type": "yes/no", "img_id": "COCO_train2014_000000526362", "label": {"yes": 1}, "question_id": 526362000, "question_type": "is the woman", "sent": "Is the woman trying to cross the street?", "caption": "A woman walks across a street holding an umbrella."}, {"answer_type": "yes/no", "img_id": "COCO_train2014_000000526362", "label": {"no": 1, "yes": 0.3}, "question_id": 526362013, "question_type": "is the woman", "sent": "Is the woman on her phone?", "caption": "A woman crossing a rain soaked street holding an umbrella."}, {"answer_type": "other", "img_id": "COCO_train2014_000000264608", "label": {"outside": 1}, "question_id": 264608001, "question_type": "is the woman", "sent": "Is the woman inside or outside?", "caption": "A lady standing by a building holding a tennis racket."}, {"answer_type": "yes/no", "img_id": "COCO_train2014_000000396004", "label": {"no": 1}, "question_id": 396004000, "question_type": "is the woman", "sent": "Is the woman wearing a bathing suit?", "caption": "a blond woman in a dress has a white and blue umbrella"}, {"answer_type": "yes/no", "img_id": "COCO_train2014_000000396004", "label": {"no": 1, "yes": 0.3}, "question_id": 396004002, "question_type": "is the woman", "sent": "Is the woman walking at the park?", "caption": "A young woman walking at the beach with a large blue and white umbrella over her head."}, {"answer_type": "yes/no", "img_id": "COCO_train2014_000000396228", "label": {"yes": 1}, "question_id": 396228003, "question_type": "is the woman", "sent": "Is the woman wearing her hair pulled back?", "caption": "A woman with her hair combed back holds a piece of chocolate cake."}, {"answer_type": "yes/no", "img_id": "COCO_train2014_000000527342", "label": {"yes": 1}, "question_id": 527342001, "question_type": "is the woman", "sent": "Is the woman wearing shoes?", "caption": "An old woman stands on a stool with her shoes on."}, {"answer_type": "yes/no", "img_id": "COCO_train2014_000000527342", "label": {"no": 0.3, "yes": 1}, "question_id": 527342004, "question_type": "is the woman", "sent": "Is the woman wearing stockings in the image?", "caption": "An older woman in stockings poses with a man."}, {"answer_type": "yes/no", "img_id": "COCO_train2014_000000244520", "label": {"no": 1}, "question_id": 244520002, "question_type": "is the woman", "sent": "Is the woman facing the camera?", "caption": "A woman holding a stick facing a tree. "}, {"answer_type": "yes/no", "img_id": "COCO_train2014_000000134496", "label": {"yes": 1}, "question_id": 134496000, "question_type": "is the woman", "sent": "Is the woman passing a jewelry shop?", "caption": "A woman walking alongside a building with trinkets and items for sale."}, {"answer_type": "yes/no", "img_id": "COCO_train2014_000000134510", "label": {"no": 1, "yes": 1}, "question_id": 134510001, "question_type": "is the woman", "sent": "Is the woman asleep?", "caption": "A very fake attempt at showing a woman committing suicide in a bath"}, {"answer_type": "yes/no", "img_id": "COCO_train2014_000000265744", "label": {"no": 1}, "question_id": 265744001, "question_type": "is the woman", "sent": "Is the woman touching a horse?", "caption": "A pretty girl standing near a fence and some horses."}, {"answer_type": "yes/no", "img_id": "COCO_train2014_000000134782", "label": {"no": 0.9, "yes": 1}, "question_id": 134782002, "question_type": "is the woman", "sent": "Is the woman following the instructions of a cookbook?", "caption": "Looking down at a woman in a kitchen consulting a cookbook"}, {"answer_type": "yes/no", "img_id": "COCO_train2014_000000396942", "label": {"no": 1}, "question_id": 396942003, "question_type": "is the woman", "sent": "Is the woman wearing purple?", "caption": " A man in blue and a man in white are skiing on a mountain."}, {"answer_type": "yes/no", "img_id": "COCO_train2014_000000134912", "label": {"yes": 1}, "question_id": 134912002, "question_type": "are there any", "sent": "Are there any clouds in the sky?", "caption": "An airplane is in flight against a cloudy and blue sky.\n"}, {"answer_type": "yes/no", "img_id": "COCO_train2014_000000528157", "label": {"don't know": 0.3, "no": 1, "yes": 0.6}, "question_id": 528157001, "question_type": "are there any", "sent": "Are there any adults in this photo?", "caption": "Several kids watching television in a classroom. "}, {"answer_type": "yes/no", "img_id": "COCO_train2014_000000306511", "label": {"yes": 1}, "question_id": 306511009, "question_type": "are there any", "sent": "Are there any water bottles?", "caption": "There are two water bottles on the bench outside the baseball field."}, {"answer_type": "yes/no", "img_id": "COCO_train2014_000000266299", "label": {"yes": 1}, "question_id": 266299002, "question_type": "are there any", "sent": "Are there any clouds?", "caption": "There are many clouds in the blue sky."}, {"answer_type": "yes/no", "img_id": "COCO_train2014_000000421639", "label": {"no": 1, "yes": 0.9}, "question_id": 421639006, "question_type": "are there any", "sent": "Are there any fried onions on the hot dogs?", "caption": "Two hot dogs covered in chili, relish and coleslaw on a paper plate."}, {"answer_type": "yes/no", "img_id": "COCO_train2014_000000397675", "label": {"no": 1, "yes": 0.3}, "question_id": 397675002, "question_type": "are there any", "sent": "Are there any baby zebras?", "caption": "Four adult zebras in a field during the day."}, {"answer_type": "yes/no", "img_id": "COCO_train2014_000000393978", "label": {"yes": 1}, "question_id": 393978001, "question_type": "are there any", "sent": "Are there any clouds in the sky?", "caption": "The background is a sky with many clouds."}, {"answer_type": "yes/no", "img_id": "COCO_train2014_000000571779", "label": {"no": 1}, "question_id": 571779009, "question_type": "are there any", "sent": "Are there any lights on?", "caption": "Kitchen with fridge and dining table, no lights on."}, {"answer_type": "yes/no", "img_id": "COCO_train2014_000000135744", "label": {"no": 1}, "question_id": 135744002, "question_type": "are there any", "sent": "Are there any limes?", "caption": "FRUIT AND VEGETABLE STAND WITH BANANAS, POTATOES AND CUCUMBERS"}, {"answer_type": "yes/no", "img_id": "COCO_train2014_000000135790", "label": {"yes": 1}, "question_id": 135790005, "question_type": "are there any", "sent": "Are there any clouds in the sky?", "caption": "A large plane flies across the blue sky full of clouds."}, {"answer_type": "yes/no", "img_id": "COCO_train2014_000000278486", "label": {"no": 1}, "question_id": 278486015, "question_type": "are there any", "sent": "Are there any clouds in the sky?", "caption": "A building with a built-in clock against a clear blue sky in the background."}, {"answer_type": "yes/no", "img_id": "COCO_train2014_000000398093", "label": {"coffee": 0.3, "yes": 1}, "question_id": 398093004, "question_type": "are there any", "sent": "Are there any beverages in this scene?", "caption": "A donut with white frosting sitting on wax paper next to a cup of coffee."}, {"answer_type": "yes/no", "img_id": "COCO_train2014_000000529188", "label": {"no": 0.6, "yes": 1}, "question_id": 529188002, "question_type": "are there any", "sent": "Are there any shampoos next to the sink?", "caption": "A black cat is lying in the sink with some shampoo beside it."}, {"answer_type": "yes/no", "img_id": "COCO_train2014_000000267055", "label": {"no": 1, "yes": 0.9}, "question_id": 267055001, "question_type": "are there any", "sent": "Are there any fruits here?", "caption": "A cutting board with a knife, vegetables, and cheese."}, {"answer_type": "yes/no", "img_id": "COCO_train2014_000000398142", "label": {"no": 1}, "question_id": 398142005, "question_type": "are there any", "sent": "Are there any cars visible?", "caption": "People walking in the street in front a large building."}, {"answer_type": "yes/no", "img_id": "COCO_train2014_000000529345", "label": {"no": 1}, "question_id": 529345000, "question_type": "are there any", "sent": "Are there any wine glasses next to the pizza?", "caption": "There are several pizzas and footea pilsner glasses on the table."}, {"answer_type": "yes/no", "img_id": "COCO_train2014_000000398290", "label": {"yes": 1}, "question_id": 398290000, "question_type": "are there any", "sent": "Are there any drippings on the ground?", "caption": "Several giraffes walk on dry dirt."}, {"answer_type": "yes/no", "img_id": "COCO_train2014_000000267338", "label": {"no": 1}, "question_id": 267338001, "question_type": "are there any", "sent": "Are there any people sleeping in the bed?", "caption": "A turtle that is laying down on the bed."}, {"answer_type": "yes/no", "img_id": "COCO_train2014_000000398419", "label": {"no": 0.6, "yes": 1}, "question_id": 398419009, "question_type": "are there any", "sent": "Are there any lamps on?", "caption": "In a dark room, the lamp on the table is on."}, {"answer_type": "yes/no", "img_id": "COCO_train2014_000000136512", "label": {"yes": 1}, "question_id": 136512005, "question_type": "are there any", "sent": "Are there any stripes on the lawn?", "caption": "Baseball player on striped lawn ready to pitch."}, {"answer_type": "yes/no", "img_id": "COCO_train2014_000000267612", "label": {"no": 1}, "question_id": 267612009, "question_type": "is that a", "sent": "Is that a full wetsuit?", "caption": "A man surfs in the sea in shorts."}, {"answer_type": "other", "img_id": "COCO_train2014_000000136700", "label": {"boy": 1}, "question_id": 136700002, "question_type": "is that a", "sent": "Is that a boy or girl?", "caption": "A man with no shirt skateboards near palm trees."}, {"answer_type": "yes/no", "img_id": "COCO_train2014_000000136721", "label": {"yes": 1}, "question_id": 136721002, "question_type": "is that a", "sent": "Is that a clock?", "caption": "A woman swings her racket with a clock behind it."}, {"answer_type": "other", "img_id": "COCO_train2014_000000530187", "label": {"window": 1}, "question_id": 530187005, "question_type": "is that a", "sent": "Is that a window or a light?", "caption": "2 beds in a hotel room with the windows open"}, {"answer_type": "yes/no", "img_id": "COCO_train2014_000000399152", "label": {"yes": 1}, "question_id": 399152003, "question_type": "is that a", "sent": "Is that a frisbee in his hand?", "caption": "A man standing on a beach holds a frisbee."}, {"answer_type": "yes/no", "img_id": "COCO_train2014_000000530282", "label": {"no": 1}, "question_id": 530282000, "question_type": "is that a", "sent": "Is that a modern truck?", "caption": "a yellow vintage telephone truck parked in grass"}, {"answer_type": "yes/no", "img_id": "COCO_train2014_000000416115", "label": {"yes": 1}, "question_id": 416115004, "question_type": "is that a", "sent": "Is that a river?", "caption": "A man in red shirt on skateboard next to a river."}, {"answer_type": "other", "img_id": "COCO_train2014_000000399615", "label": {"microwave": 0.6, "toaster": 1, "toaster oven": 0.6}, "question_id": 399615017, "question_type": "is that a", "sent": "Is that a microwave or a toaster?", "caption": "The kitchen cabinets have a blender, toaster and kitchenware."}, {"answer_type": "other", "img_id": "COCO_train2014_000000268622", "label": {"motorcycle": 1, "scooter": 0.3}, "question_id": 268622007, "question_type": "is that a", "sent": "Is that a scooter or motorcycle?", "caption": "A military man riding a motorcycle with a sidecar."}, {"answer_type": "other", "img_id": "COCO_train2014_000000515229", "label": {"man": 1, "woman": 0.3}, "question_id": 515229000, "question_type": "is that a", "sent": "Is that a man or woman?", "caption": "A man riding on the back of a motorcycle down a street."}, {"answer_type": "yes/no", "img_id": "COCO_train2014_000000113199", "label": {"no": 0.6, "yes": 1}, "question_id": 113199000, "question_type": "is that a", "sent": "Is that a plain pizza?", "caption": "A sloppy cheese pizza on a table, ready to serve."}, {"answer_type": "yes/no", "img_id": "COCO_train2014_000000137701", "label": {"no": 1, "yes": 0.3}, "question_id": 137701006, "question_type": "is that a", "sent": "Is that a laptop in front of the computer?", "caption": "Two computer monitors are set up on a desk."}, {"answer_type": "yes/no", "img_id": "COCO_train2014_000000531033", "label": {"yes": 1}, "question_id": 531033000, "question_type": "is that a", "sent": "Is that a real bus?", "caption": "A black and white photo of a street intersection with bus and people."}, {"answer_type": "yes/no", "img_id": "COCO_train2014_000000269051", "label": {"yes": 1}, "question_id": 269051000, "question_type": "is that a", "sent": "Is that a real cow?", "caption": "A group of cows that are in the grass."}, {"answer_type": "other", "img_id": "COCO_train2014_000000269051", "label": {"cloud": 1, "fire": 0.3}, "question_id": 269051005, "question_type": "is that a", "sent": "Is that a fire or cloud?", "caption": "Several cows graze on a meadow against a blue sky with clouds."}, {"answer_type": "yes/no", "img_id": "COCO_train2014_000000400134", "label": {"no": 1}, "question_id": 400134013, "question_type": "is that a", "sent": "Is that a chair outside?", "caption": "a brown dog is standing outside a glass door"}, {"answer_type": "other", "img_id": "COCO_train2014_000000531396", "label": {"man": 0.3, "swimsuit": 0.3, "woman": 1}, "question_id": 531396000, "question_type": "is that a", "sent": "Is that a man or a woman?", "caption": "there is a woman walking down the beach towards the water with her surfboard"}, {"answer_type": "yes/no", "img_id": "COCO_train2014_000000400406", "label": {"no": 0.9, "yes": 1}, "question_id": 400406002, "question_type": "is that a", "sent": "Is that a lime?", "caption": "A fruit salad made from bananas and kiwi."}, {"answer_type": "yes/no", "img_id": "COCO_train2014_000000462880", "label": {"no": 1}, "question_id": 462880003, "question_type": "is that a", "sent": "Is that a blue water hydrant?", "caption": "A brown fire hydrant sitting in the middle of a field."}, {"answer_type": "yes/no", "img_id": "COCO_train2014_000000138413", "label": {"no": 1}, "question_id": 138413002, "question_type": "is that a", "sent": "Is that a train?", "caption": "A double bus is about to turn onto the road. "}, {"answer_type": "other", "img_id": "COCO_train2014_000000264537", "label": {"rabbit": 0.6}, "question_id": 264537001, "question_type": "what animal is", "sent": "What animal is painted on the skateboard?", "caption": "A man holds a skateboard with a rabbit drawn on it."}, {"answer_type": "other", "img_id": "COCO_train2014_000000481829", "label": {"cow": 0.9, "cows": 0.6}, "question_id": 481829005, "question_type": "what animal is", "sent": "What animal is pulling the wagon?", "caption": "A man riding on a wagon pulled by two steers."}, {"answer_type": "other", "img_id": "COCO_train2014_000000318857", "label": {"cat": 1, "kitten": 1}, "question_id": 318857001, "question_type": "what animal is", "sent": "What animal is on the man's lap?", "caption": "A man with a cat on his lap uses his laptop."}, {"answer_type": "other", "img_id": "COCO_train2014_000000438154", "label": {"cow": 1}, "question_id": 438154005, "question_type": "what animal is", "sent": "What animal is the milk coming from?", "caption": "the woman is wearing a blue shirt and milking a cow"}, {"answer_type": "other", "img_id": "COCO_train2014_000000531883", "label": {"dog": 0.3}, "question_id": 531883000, "question_type": "what animal is", "sent": "What animal is chasing the zebra?", "caption": "Taxidermy scene of two hyenas chasing a zebra."}, {"answer_type": "other", "img_id": "COCO_train2014_000000400850", "label": {"bird": 0.6, "elephant": 0.3, "frog": 0.3, "parrots": 0.3}, "question_id": 400850003, "question_type": "what animal is", "sent": "What animal is on the boy's shirt?", "caption": "A boy grins as four different parrots sit on his shirt. "}, {"answer_type": "other", "img_id": "COCO_train2014_000000416368", "label": {"cat": 1}, "question_id": 416368001, "question_type": "what animal is", "sent": "What animal is under the covers?", "caption": "A cat is laying on top of a blanket."}, {"answer_type": "other", "img_id": "COCO_train2014_000000263458", "label": {"bird": 1, "hawk": 0.3, "robin": 0.3}, "question_id": 263458002, "question_type": "what animal is", "sent": "What animal is this?", "caption": "A bird resting comfortably on a laptop computer."}, {"answer_type": "other", "img_id": "COCO_train2014_000000270102", "label": {"dog": 1}, "question_id": 270102000, "question_type": "what animal is", "sent": "What animal is painted on the side of the cup?", "caption": "A dog laying on a blanket and pillow with his paw in a mug with a picture of a dog on it."}, {"answer_type": "other", "img_id": "COCO_train2014_000000270326", "label": {"zebra": 1}, "question_id": 270326001, "question_type": "what animal is", "sent": "What animal is this?", "caption": "A zebra standing around in the middle of a field. "}, {"answer_type": "other", "img_id": "COCO_train2014_000000532543", "label": {"horse": 1}, "question_id": 532543000, "question_type": "what animal is", "sent": "What animal is behind the first animal?", "caption": "Two horses are standing next to each other in the field."}, {"answer_type": "other", "img_id": "COCO_train2014_000000139336", "label": {"giraffe": 1}, "question_id": 139336002, "question_type": "what animal is", "sent": "What animal is in this picture?", "caption": "A giraffe in a dirt area sitting, another in the background under a tree."}, {"answer_type": "other", "img_id": "COCO_train2014_000000139344", "label": {"giraffe": 1}, "question_id": 139344003, "question_type": "what animal is", "sent": "What animal is shown?", "caption": "A group of giraffes eating from a large grove of trees."}, {"answer_type": "other", "img_id": "COCO_train2014_000000139353", "label": {"minnie mouse": 0.3, "mouse": 1}, "question_id": 139353013, "question_type": "what animal is", "sent": "What animal is on the girl's shirt?", "caption": "A little girl in a Mickey Mouse shirt holds a Wii game controller."}, {"answer_type": "other", "img_id": "COCO_train2014_000000532631", "label": {"zebra": 1, "zebras": 0.3}, "question_id": 532631011, "question_type": "what animal is", "sent": "What animal is pictured?", "caption": "Three zebras grazing on grass in a field"}, {"answer_type": "other", "img_id": "COCO_train2014_000000401583", "label": {"elephant": 1}, "question_id": 401583000, "question_type": "what animal is", "sent": "What animal is this?", "caption": "an elephant standing on the ground with a man on his back"}, {"answer_type": "other", "img_id": "COCO_train2014_000000532684", "label": {"elephant": 1, "yes": 0.3}, "question_id": 532684002, "question_type": "what animal is", "sent": "What animal is in the photo?", "caption": "An elephant with large tusk standing on a hill."}, {"answer_type": "other", "img_id": "COCO_train2014_000000532769", "label": {"dog": 1}, "question_id": 532769006, "question_type": "what animal is", "sent": "What animal is in the foreground?", "caption": "A dog playing with a tennis ball in his mouth."}, {"answer_type": "other", "img_id": "COCO_train2014_000000139618", "label": {"cow": 1}, "question_id": 139618001, "question_type": "what animal is", "sent": "What animal is this?", "caption": "A man or woman petting a cow with a yellow tag on its ear in a pen"}, {"answer_type": "other", "img_id": "COCO_train2014_000000401804", "label": {"elephant": 1, "elephants": 0.6}, "question_id": 401804002, "question_type": "what animal is", "sent": "What animal is in the picture?", "caption": "A couple of elephants standing next to each other on a  field."}]