[{"answer_type": "yes/no", "img_id": "COCO_train2014_000000393224", "label": {"no": 1, "yes": 0.9}, "question_id": 393224002, "question_type": "none of the above", "sent": "Does his tie pair well with his suit?", "caption": "A old man in coat and tie walking down a busy street."}, {"answer_type": "yes/no", "img_id": "COCO_train2014_000000393230", "label": {"no": 1}, "question_id": 393230006, "question_type": "none of the above", "sent": "Did someone forget his luggage in the snow?", "caption": "Someone cross country skiing in their back yard"}, {"answer_type": "yes/no", "img_id": "COCO_train2014_000000262201", "label": {"no": 1, "yes": 0.3}, "question_id": 262201001, "question_type": "none of the above", "sent": "Will the birds go into the water?", "caption": "A small bird sitting on a large rock on a part of a mountain."}, {"answer_type": "other", "img_id": "COCO_train2014_000000262221", "label": {"wilson": 1}, "question_id": 262221001, "question_type": "none of the above", "sent": "Whose logo is on the official's chair?", "caption": "A man sits on a high chair with a W logo on a tennis court."}, {"answer_type": "yes/no", "img_id": "COCO_train2014_000000131160", "label": {"no": 0.6, "yes": 1}, "question_id": 131160001, "question_type": "none of the above", "sent": "Would you be able to find a mosque in this city?", "caption": "Two directional street signs on a pole with a mosque in the background."}, {"answer_type": "yes/no", "img_id": "COCO_train2014_000000393311", "label": {"no": 1, "yes": 0.3}, "question_id": 393311000, "question_type": "none of the above", "sent": "Will these planes be used to transport people?", "caption": "Four Cargo Jet liners parked on a runway strip."}, {"answer_type": "other", "img_id": "COCO_train2014_000000393317", "label": {"urban": 1}, "question_id": 393317005, "question_type": "none of the above", "sent": "Urban or suburban?", "caption": "A city street with cars, pedestrians, and a bus."}, {"answer_type": "other", "img_id": "COCO_train2014_000000262283", "label": {}, "question_id": 262283002, "question_type": "none of the above", "sent": "Where was this shot at?", "caption": "Floral arrangements displayed in floral shop in glass vases."}, {"answer_type": "other", "img_id": "COCO_train2014_000000393384", "label": {"beach": 0.3, "lot": 0.3, "park": 0.3, "parking lot": 1, "road": 0.3}, "question_id": 393384000, "question_type": "none of the above", "sent": "Where was this picture taken?", "caption": "A group of people standing around in a parking lot with a dog and children. "}, {"answer_type": "other", "img_id": "COCO_train2014_000000393396", "label": {"overcast": 1}, "question_id": 393396001, "question_type": "none of the above", "sent": "Sunny or overcast?", "caption": "Behind the bell tower of the church is a snow-capped mountain, and the weather is overcast."}, {"answer_type": "yes/no", "img_id": "COCO_train2014_000000262336", "label": {"blue": 0.3, "no": 1}, "question_id": 262336002, "question_type": "none of the above", "sent": "The color of the court is green?", "caption": "The person waiting for the ball on the blue tennis court."}, {"answer_type": "yes/no", "img_id": "COCO_train2014_000000393422", "label": {"yes": 1}, "question_id": 393422000, "question_type": "none of the above", "sent": "Would you get a ticket if you disobeyed this sign?", "caption": "A red stop sign sitting below tall buildings."}, {"answer_type": "other", "img_id": "COCO_train2014_000000448671", "label": {"tie": 1, "yes": 0.3}, "question_id": 448671001, "question_type": "none of the above", "sent": "Something new to wear with a men's shirt?", "caption": "A man sitting in a chair trying on different ties"}, {"answer_type": "yes/no", "img_id": "COCO_train2014_000000262359", "label": {"yes": 1}, "question_id": 262359000, "question_type": "none of the above", "sent": "The tablecloths are white?", "caption": "a table with a white table cloth and a bottle on it "}, {"answer_type": "other", "img_id": "COCO_train2014_000000262359", "label": {"restaurant": 1}, "question_id": 262359002, "question_type": "none of the above", "sent": "Where do you think all these are located?", "caption": "A table in a dining room with a white tablecloth and a bottle."}, {"answer_type": "yes/no", "img_id": "COCO_train2014_000000474858", "label": {"no": 1, "yes": 0.9}, "question_id": 474858008, "question_type": "none of the above", "sent": "Were people moving when this picture was taken?", "caption": "A man standing on the beach beside surf boards"}, {"answer_type": "yes/no", "img_id": "COCO_train2014_000000393438", "label": {"no": 1, "yes": 0.3}, "question_id": 393438002, "question_type": "none of the above", "sent": "Did the man just steal the boy's kite?", "caption": "A young boy and an adult preparing to fly a kite."}, {"answer_type": "yes/no", "img_id": "COCO_train2014_000000524520", "label": {"no": 1, "yes": 0.9}, "question_id": 524520000, "question_type": "none of the above", "sent": "Can they go?", "caption": "Cars are at a stop light with extreme sun glare blazing though the windows."}, {"answer_type": "yes/no", "img_id": "COCO_train2014_000000262389", "label": {"yes": 1}, "question_id": 262389000, "question_type": "none of the above", "sent": "The man is wearing a helmet?", "caption": "MAN WITH HELMET SITTING ON A MOTORBIKE, WITH A BIRD ON IT"}, {"answer_type": "yes/no", "img_id": "COCO_train2014_000000262393", "label": {"2": 0.3, "no": 1, "yes": 0.6}, "question_id": 262393002, "question_type": "none of the above", "sent": "The zebras are in a field?", "caption": "Two zebras standing around in a zoo enclosure "}, {"answer_type": "yes/no", "img_id": "COCO_train2014_000000131342", "label": {"yes": 1}, "question_id": 131342001, "question_type": "does the", "sent": "Does the guy on the right look happy?", "caption": "Two men take pictures with wine glasses, the man on the right looks happy."}, {"answer_type": "yes/no", "img_id": "COCO_train2014_000000131415", "label": {"no": 1}, "question_id": 131415002, "question_type": "does the", "sent": "Does the grass look green?", "caption": "A zebra is standing in a field of dry grass out side."}, {"answer_type": "yes/no", "img_id": "COCO_train2014_000000262508", "label": {"yes": 1}, "question_id": 262508005, "question_type": "does the", "sent": "Does the grass need watering?", "caption": "two little league players talking to each other in the outfield "}, {"answer_type": "yes/no", "img_id": "COCO_train2014_000000262519", "label": {"no": 1}, "question_id": 262519003, "question_type": "does the", "sent": "Does the kitchen have a triangle shape for cooking?", "caption": "A large white kitchen with white matching appliances."}, {"answer_type": "yes/no", "img_id": "COCO_train2014_000000262554", "label": {"yes": 1}, "question_id": 262554001, "question_type": "does the", "sent": "Does the horse have a white strip?", "caption": "A brown and white horse is standing by a fence."}, {"answer_type": "yes/no", "img_id": "COCO_train2014_000000131511", "label": {"no": 1}, "question_id": 131511003, "question_type": "does the", "sent": "Does the man have any facial hair?", "caption": "A tennis player reaching out as far as he can to hit the ball."}, {"answer_type": "yes/no", "img_id": "COCO_train2014_000000393294", "label": {"no": 1}, "question_id": 393294000, "question_type": "does the", "sent": "Does the water appear to be moving fast?", "caption": "A freight train passes a bridge over a calm river."}, {"answer_type": "yes/no", "img_id": "COCO_train2014_000000393686", "label": {"yes": 1}, "question_id": 393686002, "question_type": "does the", "sent": "Does the animal have a tag on its ear?", "caption": "A cow with a tag on its ear eats flowers and grass in a field."}, {"answer_type": "yes/no", "img_id": "COCO_train2014_000000393714", "label": {"no": 1}, "question_id": 393714001, "question_type": "does the", "sent": "Does the woman look happy?", "caption": "a woman in a white top is talking on a cellphone"}, {"answer_type": "yes/no", "img_id": "COCO_train2014_000000114353", "label": {"no": 1}, "question_id": 114353000, "question_type": "does the", "sent": "Does the bike have training wheels?", "caption": "A man teaching a child how to ride a bike."}, {"answer_type": "yes/no", "img_id": "COCO_train2014_000000393744", "label": {"no": 0.6, "yes": 1}, "question_id": 393744002, "question_type": "does the", "sent": "Does the incline look dangerous?", "caption": "The bench sits on a dangerous cliff."}, {"answer_type": "yes/no", "img_id": "COCO_train2014_000000131613", "label": {"yes": 1}, "question_id": 131613001, "question_type": "does the", "sent": "Does the zebra have plenty of grass to eat?", "caption": "there is a zebra that is standing in very tall grass"}, {"answer_type": "yes/no", "img_id": "COCO_train2014_000000262748", "label": {"no": 1, "yes": 1}, "question_id": 262748008, "question_type": "does the", "sent": "Does the picture show more than one type of vegetable?", "caption": "A red spoon in a mixed fruit salad."}, {"answer_type": "yes/no", "img_id": "COCO_train2014_000000401557", "label": {"no": 1, "yes": 0.3}, "question_id": 401557002, "question_type": "does the", "sent": "Does the woman have bangs?", "caption": "A woman with centre parting hair smiles on the phone."}, {"answer_type": "yes/no", "img_id": "COCO_train2014_000000225213", "label": {"n": 0.3, "no": 1, "yes": 0.3}, "question_id": 225213000, "question_type": "does the", "sent": "Does the rhino have 3 horns?", "caption": "A one-horned rhino stands next to a pair of zebras."}, {"answer_type": "yes/no", "img_id": "COCO_train2014_000000525128", "label": {"no": 1, "unknown": 0.6, "yes": 0.3}, "question_id": 525128003, "question_type": "does the", "sent": "Does the \"DB\" stand for Dunn and Bradstreet?", "caption": "A red and white train passing by a grassy area."}, {"answer_type": "yes/no", "img_id": "COCO_train2014_000000394071", "label": {"no": 1, "yes": 1}, "question_id": 394071003, "question_type": "does the", "sent": "Does the woman have curly hair?", "caption": "A woman with curly hair sitting on top of a wooden bench in a park."}, {"answer_type": "yes/no", "img_id": "COCO_train2014_000000497558", "label": {"no": 1, "yes": 1}, "question_id": 497558002, "question_type": "does the", "sent": "Does the lady have dirty feet?", "caption": "A woman sitting in a plush chair with her feet propped up reading a magazine."}, {"answer_type": "yes/no", "img_id": "COCO_train2014_000000497558", "label": {"no": 1, "yes": 0.3}, "question_id": 497558007, "question_type": "does the", "sent": "Does the room look crowded?", "caption": "Woman sitting on yellow sofa in spacious living room."}, {"answer_type": "yes/no", "img_id": "COCO_train2014_000000263112", "label": {"no": 0.3, "yes": 1}, "question_id": 263112001, "question_type": "does the", "sent": "Does the plane have a propeller?", "caption": "A propeller plane flew across the sky, leaving behind a plume of smoke."}, {"answer_type": "yes/no", "img_id": "COCO_train2014_000000394208", "label": {"no": 1}, "question_id": 394208006, "question_type": "are the", "sent": "Are the animals afraid?", "caption": "A flock of sheep graze leisurely in a large meadow."}, {"answer_type": "other", "img_id": "COCO_train2014_000000525300", "label": {"standing": 1}, "question_id": 525300000, "question_type": "are the", "sent": "Are the people in this picture sitting or standing?", "caption": "A young child standing at home plate holding a baseball bat."}, {"answer_type": "yes/no", "img_id": "COCO_train2014_000000196777", "label": {"no": 1}, "question_id": 196777000, "question_type": "are the", "sent": "Are the motorcycles moving?", "caption": "a group of motorcycles parked on the side of the road near a cliff"}, {"answer_type": "yes/no", "img_id": "COCO_train2014_000000394234", "label": {"no": 1}, "question_id": 394234006, "question_type": "are the", "sent": "Are the kitten asleep?", "caption": "Black and white cat lying on couch and laptop computer."}, {"answer_type": "yes/no", "img_id": "COCO_train2014_000000322979", "label": {"no": 1}, "question_id": 322979004, "question_type": "are the", "sent": "Are the blueberries shriveled up?", "caption": "Sliced bananas and fresh blueberries on a plate"}, {"answer_type": "yes/no", "img_id": "COCO_train2014_000000263261", "label": {"no": 1}, "question_id": 263261001, "question_type": "are the", "sent": "Are the lights on?", "caption": "Two chairs in a neat living room on a sunny day"}, {"answer_type": "yes/no", "img_id": "COCO_train2014_000000525459", "label": {"no": 1, "yes": 0.9}, "question_id": 525459001, "question_type": "are the", "sent": "Are the donuts on a wooden board?", "caption": "A number of decorated donuts on a table"}, {"answer_type": "yes/no", "img_id": "COCO_train2014_000000132303", "label": {"no": 1, "yes": 0.9}, "question_id": 132303002, "question_type": "are the", "sent": "Are the zebras walking on a road?", "caption": "The zebra are grazing through the grass on the side of the road. "}, {"answer_type": "yes/no", "img_id": "COCO_train2014_000000263381", "label": {"no": 1}, "question_id": 263381003, "question_type": "are the", "sent": "Are the people in this scene happy?", "caption": "A large crowd of protesters held signs and banners angrily."}, {"answer_type": "yes/no", "img_id": "COCO_train2014_000000263383", "label": {"yes": 1}, "question_id": 263383001, "question_type": "are the", "sent": "Are the palm tree trunks painted?", "caption": "A colorful scooter is parked next to a painted tree."}, {"answer_type": "yes/no", "img_id": "COCO_train2014_000000263388", "label": {"yes": 1}, "question_id": 263388000, "question_type": "are the", "sent": "Are the men shaking hands?", "caption": "two men standing in front of a truck shaking hands"}, {"answer_type": "yes/no", "img_id": "COCO_train2014_000000263405", "label": {"no": 0.3, "yes": 1}, "question_id": 263405001, "question_type": "are the", "sent": "Are the leaves dark green?", "caption": "The living room has a blue sofa, two white chairs and a few dark green plants."}, {"answer_type": "yes/no", "img_id": "COCO_train2014_000000525591", "label": {"yes": 1}, "question_id": 525591006, "question_type": "are the", "sent": "Are the sheep on a pasture?", "caption": "a couple of sheep stand in a grass land "}, {"answer_type": "yes/no", "img_id": "COCO_train2014_000000132405", "label": {"yes": 1}, "question_id": 132405003, "question_type": "are the", "sent": "Are the cows outside?", "caption": "two cattle grazing in a field among trees"}, {"answer_type": "yes/no", "img_id": "COCO_train2014_000000502665", "label": {"yes": 1}, "question_id": 502665012, "question_type": "are the", "sent": "Are the toilets usable?", "caption": "A white toilet in a bathroom next to a sink."}, {"answer_type": "yes/no", "img_id": "COCO_train2014_000000502665", "label": {"yes": 1}, "question_id": 502665024, "question_type": "are the", "sent": "Are the toilets clean?", "caption": "A bathroom that is not very decorated but is clean. "}, {"answer_type": "yes/no", "img_id": "COCO_train2014_000000263482", "label": {"yes": 1}, "question_id": 263482000, "question_type": "are the", "sent": "Are the flowers pretty?", "caption": "A red vase is holding pretty flowers on a window sill."}, {"answer_type": "yes/no", "img_id": "COCO_train2014_000000394560", "label": {"no": 1}, "question_id": 394560002, "question_type": "are the", "sent": "Are the people in the front row leaning forward because they are bored?", "caption": "A girl is holding a volleyball while a crowd watches. "}, {"answer_type": "yes/no", "img_id": "COCO_train2014_000000132420", "label": {"no": 1}, "question_id": 132420002, "question_type": "are the", "sent": "Are the birds cold?", "caption": "Dog at beach looking out over water at waterfowl."}, {"answer_type": "yes/no", "img_id": "COCO_train2014_000000394565", "label": {"no": 1}, "question_id": 394565001, "question_type": "are the", "sent": "Are the people going to eat?", "caption": "A group of business people are standing in a group for a conference room photo."}, {"answer_type": "yes/no", "img_id": "COCO_train2014_000000263823", "label": {"no": 1}, "question_id": 263823002, "question_type": "was", "sent": "Was the ball hit already?", "caption": "A ball player prepares to swing as the umpire and catcher look on."}, {"answer_type": "yes/no", "img_id": "COCO_train2014_000000132778", "label": {"no": 0.3, "yes": 1}, "question_id": 132778000, "question_type": "was", "sent": "Was the picture taken on the street?", "caption": "A rainy view of some people crossing a street with a red traffic light."}, {"answer_type": "yes/no", "img_id": "COCO_train2014_000000526082", "label": {"no": 1, "yes": 1}, "question_id": 526082002, "question_type": "was", "sent": "Was the camera tilted for the shot?", "caption": "A man on a snowboard has fallen over."}, {"answer_type": "yes/no", "img_id": "COCO_train2014_000000526087", "label": {"yes": 1}, "question_id": 526087004, "question_type": "was", "sent": "Was it taken around Christmas?", "caption": "A baby is resting in a stroller amongst an untidy room with a Christmas tree."}, {"answer_type": "yes/no", "img_id": "COCO_train2014_000000437224", "label": {"no": 1, "yes": 0.3}, "question_id": 437224001, "question_type": "was", "sent": "Was this photo taken on a bus?", "caption": "A TV screen at the back of a chair on an airplane."}, {"answer_type": "yes/no", "img_id": "COCO_train2014_000000133166", "label": {"no": 1}, "question_id": 133166000, "question_type": "was", "sent": "Was this photo taken in the forest?", "caption": "A street that has a large crowd of people walking on it."}, {"answer_type": "yes/no", "img_id": "COCO_train2014_000000395321", "label": {"no": 0.3, "yes": 1}, "question_id": 395321001, "question_type": "was", "sent": "Was this a home-made pizza?", "caption": "A home-made pizza sitting on top of a plate next to eating utensils."}, {"answer_type": "yes/no", "img_id": "COCO_train2014_000000133183", "label": {"yes": 1}, "question_id": 133183001, "question_type": "was", "sent": "Was this picture taken from across the street?", "caption": "A building on a corner with a clock tower."}, {"answer_type": "yes/no", "img_id": "COCO_train2014_000000526594", "label": {"no": 1}, "question_id": 526594005, "question_type": "was", "sent": "Was the grass mowed?", "caption": "A zebra grazing in a lush green grass covered field."}, {"answer_type": "yes/no", "img_id": "COCO_train2014_000000133467", "label": {"no": 1}, "question_id": 133467001, "question_type": "was", "sent": "Was the bench just painted?", "caption": "A man sitting on a bench in a park."}, {"answer_type": "yes/no", "img_id": "COCO_train2014_000000133654", "label": {"no": 1}, "question_id": 133654004, "question_type": "was", "sent": "Was this picture taken recently?", "caption": "an old photo of some people standing next to a tennis court net"}, {"answer_type": "other", "img_id": "COCO_train2014_000000527059", "label": {"inside": 0.3, "outside": 1}, "question_id": 527059001, "question_type": "was", "sent": "Was this picture taken from inside or outside?", "caption": "There are graphics on the shop windows seen from the outside."}, {"answer_type": "yes/no", "img_id": "COCO_train2014_000000480447", "label": {"no": 1, "yes": 0.6}, "question_id": 480447000, "question_type": "was", "sent": "Was this photo taken in 2015?", "caption": "Airplane transporting space shuttle through the cloudy sky. "}, {"answer_type": "yes/no", "img_id": "COCO_train2014_000000134032", "label": {"yes": 1}, "question_id": 134032002, "question_type": "was", "sent": "Was the picture taken in the winter?", "caption": "There is a traffic light over a snowy street"}, {"answer_type": "yes/no", "img_id": "COCO_train2014_000000265207", "label": {"no": 1, "yes": 0.3}, "question_id": 265207016, "question_type": "was", "sent": "Was this picture taken in the daytime?", "caption": "A very small street sign in the dark night."}, {"answer_type": "yes/no", "img_id": "COCO_train2014_000000134227", "label": {"yes": 1}, "question_id": 134227000, "question_type": "was", "sent": "Was the flash used to take this picture?", "caption": "a living room with a fireplace and a big brown chair "}, {"answer_type": "yes/no", "img_id": "COCO_train2014_000000134227", "label": {"yes": 1}, "question_id": 134227002, "question_type": "was", "sent": "Was it taken at night?", "caption": "There are many furnishings in the living room, and it is night outside."}, {"answer_type": "yes/no", "img_id": "COCO_train2014_000000134240", "label": {"no": 1, "yes": 0.6}, "question_id": 134240004, "question_type": "was", "sent": "Was this picture taken in a restaurant?", "caption": "A little girl sitting at a table with a large doughnut in her mouth."}, {"answer_type": "yes/no", "img_id": "COCO_train2014_000000265361", "label": {"no": 0.6, "yes": 1}, "question_id": 265361000, "question_type": "was", "sent": "Was this a Christmas gift?", "caption": "A teddy bear sits next to the Christmas tree as a Christmas gift."}, {"answer_type": "yes/no", "img_id": "COCO_train2014_000000527526", "label": {"no": 1, "yes": 0.3}, "question_id": 527526010, "question_type": "was", "sent": "Was this taken at night?", "caption": "An airplane and bird are in the light blue sky."}, {"answer_type": "number", "img_id": "COCO_train2014_000000527526", "label": {"1": 1}, "question_id": 527526014, "question_type": "how many", "sent": "How many planes?", "caption": "An airplane is in the sky and a bird is in front of it."}, {"answer_type": "number", "img_id": "COCO_train2014_000000527532", "label": {"0": 1}, "question_id": 527532000, "question_type": "how many", "sent": "How many real animals?", "caption": "A group of stuffed animals that are in the grass."}, {"answer_type": "number", "img_id": "COCO_train2014_000000527533", "label": {"6": 0.3, "8": 1}, "question_id": 527533002, "question_type": "how many", "sent": "How many slices are there on each pizza?", "caption": "Several boxes of pizza cut into 8 slices"}, {"answer_type": "number", "img_id": "COCO_train2014_000000134320", "label": {"1": 0.3, "3": 0.6, "4": 0.3, "6": 1}, "question_id": 134320000, "question_type": "how many", "sent": "How many balcony portals are under the clock?", "caption": "A building tower with a clock stands in front of the blue sky."}, {"answer_type": "number", "img_id": "COCO_train2014_000000134325", "label": {"0": 1, "1": 0.3}, "question_id": 134325006, "question_type": "how many", "sent": "How many cones are in the picture?", "caption": "some people on some sand flying a kite"}, {"answer_type": "number", "img_id": "COCO_train2014_000000527557", "label": {"1": 1}, "question_id": 527557001, "question_type": "how many", "sent": "How many planes?", "caption": "An old propellor airplane and two vintage automobiles in a hangar"}, {"answer_type": "number", "img_id": "COCO_train2014_000000527557", "label": {"2": 1}, "question_id": 527557002, "question_type": "how many", "sent": "How many cars?", "caption": "An old propellor airplane and two vintage automobiles in a hangar"}, {"answer_type": "number", "img_id": "COCO_train2014_000000265414", "label": {"2": 1}, "question_id": 265414001, "question_type": "how many", "sent": "How many giraffes are there?", "caption": "Two giraffes are standing together and one is rubbing its head on the other ones neck. "}, {"answer_type": "number", "img_id": "COCO_train2014_000000396494", "label": {"4": 1, "5": 0.3}, "question_id": 396494002, "question_type": "how many", "sent": "How many poles are there?", "caption": "A fire hydrant is in the center of four posts."}, {"answer_type": "number", "img_id": "COCO_train2014_000000415608", "label": {"10": 1, "12": 0.3, "14": 0.6, "8": 0.3, "9": 0.3, "lot": 0.3}, "question_id": 415608002, "question_type": "how many", "sent": "How many boats are pictured?", "caption": "A beach with with 10 boats docked on the sand."}, {"answer_type": "number", "img_id": "COCO_train2014_000000134362", "label": {"5": 0.6, "6": 1, "7": 0.3, "yellow and blue": 0.3}, "question_id": 134362003, "question_type": "how many", "sent": "How many colors is the kite?", "caption": "A little boy stands on the beach and flies a kite made of five colors."}, {"answer_type": "number", "img_id": "COCO_train2014_000000306384", "label": {"3": 1, "4": 1}, "question_id": 306384000, "question_type": "how many", "sent": "How many waves are there?", "caption": "Person surfing in the distance on rolling waves."}, {"answer_type": "number", "img_id": "COCO_train2014_000000306384", "label": {"1": 1}, "question_id": 306384006, "question_type": "how many", "sent": "How many are standing on surfboards?", "caption": "a person is on a surfboard in the water"}, {"answer_type": "number", "img_id": "COCO_train2014_000000265446", "label": {"1": 1}, "question_id": 265446002, "question_type": "how many", "sent": "How many birds are flying?", "caption": "A gray and white bird sitting on top of rocks."}, {"answer_type": "number", "img_id": "COCO_train2014_000000134375", "label": {"11": 0.3, "4": 0.9, "5": 0.3, "6": 0.3, "7": 0.9, "8": 0.3}, "question_id": 134375000, "question_type": "how many", "sent": "How many colors is the bed's blanket?", "caption": "a bed that has a rainbow blanket on it"}, {"answer_type": "number", "img_id": "COCO_train2014_000000144139", "label": {"0": 1}, "question_id": 144139002, "question_type": "how many", "sent": "How many forks are there?", "caption": "a large pizza on a white plate next to a coke"}, {"answer_type": "number", "img_id": "COCO_train2014_000000350077", "label": {"3": 1}, "question_id": 350077013, "question_type": "how many", "sent": "How many buildings are shown?", "caption": "There are several cars next to the three buildings."}, {"answer_type": "number", "img_id": "COCO_train2014_000000350077", "label": {"1": 0.9, "2": 1, "3": 0.3}, "question_id": 350077036, "question_type": "how many", "sent": "How many cars are in this photo?", "caption": "There are two cars next to the three buildings."}, {"answer_type": "number", "img_id": "COCO_train2014_000000396548", "label": {"0": 1, "1": 0.3}, "question_id": 396548000, "question_type": "how many", "sent": "How many laps do you see?", "caption": "The living is decorated for the Christmas holiday. "}, {"answer_type": "number", "img_id": "COCO_train2014_000000396548", "label": {"2": 1, "3": 1}, "question_id": 396548004, "question_type": "how many", "sent": "How many windows are there?", "caption": "A gaunt Christmas tree in the living room in front of two windows."}, {"answer_type": "other", "img_id": "COCO_train2014_000000527689", "label": {"beige": 0.3, "white": 1}, "question_id": 527689019, "question_type": "what color is", "sent": "What color is this animal?", "caption": "Closeup of the head of a white cow on road."}, {"answer_type": "other", "img_id": "COCO_train2014_000000396688", "label": {"blonde": 1}, "question_id": 396688005, "question_type": "what color is", "sent": "What color is her hair?", "caption": "A little blond girl with a half eaten doughnut"}, {"answer_type": "other", "img_id": "COCO_train2014_000000371960", "label": {"brown": 0.3, "pink": 0.6, "red": 1}, "question_id": 371960000, "question_type": "what color is", "sent": "What color is wall painted?", "caption": "Two cows are fighting in front of a red wall."}, {"answer_type": "other", "img_id": "COCO_train2014_000000134622", "label": {"black": 0.3, "blue": 1}, "question_id": 134622011, "question_type": "what color is", "sent": "What color is his helmet?", "caption": "A baseball player with a blue helmet about to swing his bat."}, {"answer_type": "other", "img_id": "COCO_train2014_000000265701", "label": {"blue": 1}, "question_id": 265701004, "question_type": "what color is", "sent": "What color is her umbrella?", "caption": "A little girl looking at her shoes with a blue umbrella over her head."}, {"answer_type": "other", "img_id": "COCO_train2014_000000240944", "label": {"red and white": 0.3, "white": 1}, "question_id": 240944000, "question_type": "what color is", "sent": "What color is her hat?", "caption": "A woman with a white hat getting ready to serve the ball."}, {"answer_type": "other", "img_id": "COCO_train2014_000000396880", "label": {"brown": 1, "orange": 0.9}, "question_id": 396880002, "question_type": "what color is", "sent": "What color is on the birds chest?", "caption": "A gray bird with a brown chest is on the ground."}, {"answer_type": "other", "img_id": "COCO_train2014_000000392829", "label": {"blue": 1, "blue and white": 1}, "question_id": 392829001, "question_type": "what color is", "sent": "What color is this shirt?", "caption": "A man on a tennis with a blue and white shirt court raising his racket in the air."}, {"answer_type": "other", "img_id": "COCO_train2014_000000393845", "label": {"black": 0.6, "brown": 1}, "question_id": 393845000, "question_type": "what color is", "sent": "What color is his hair?", "caption": "An older woman fixes a tie for a brown-haired man."}, {"answer_type": "other", "img_id": "COCO_train2014_000000111756", "label": {"blue": 1}, "question_id": 111756005, "question_type": "what color is", "sent": "What color is his uniform?", "caption": "Soccer player in blue on field in fenced area."}, {"answer_type": "other", "img_id": "COCO_train2014_000000134902", "label": {"white": 1}, "question_id": 134902002, "question_type": "what color is", "sent": "What color is dominant?", "caption": "This bathroom has a glass shower and all white toilet and sink"}, {"answer_type": "other", "img_id": "COCO_train2014_000000397064", "label": {"pink": 1, "pink and white": 0.9}, "question_id": 397064004, "question_type": "what color is", "sent": "What color is her dress?", "caption": "A woman with pink dress is playing tennis at the tennis court. "}, {"answer_type": "other", "img_id": "COCO_train2014_000000397163", "label": {"black": 1, "brown": 0.3}, "question_id": 397163000, "question_type": "what color is", "sent": "What color is his shirt?", "caption": "a skateboarder in a black shirt is doing a trick"}, {"answer_type": "other", "img_id": "COCO_train2014_000000135086", "label": {"yellow": 1}, "question_id": 135086000, "question_type": "what color is", "sent": "What color is this train?", "caption": "A yellow train traveling down tracks near trees."}, {"answer_type": "other", "img_id": "COCO_train2014_000000528374", "label": {"blue": 1}, "question_id": 528374006, "question_type": "what color is", "sent": "What color is man wearing?", "caption": "A man in blue carries a surfboard decorated with skulls."}, {"answer_type": "other", "img_id": "COCO_train2014_000000266244", "label": {"blue": 1}, "question_id": 266244001, "question_type": "what color is", "sent": "What color is her umbrella?", "caption": "A woman rides a bike with a blue umbrella over her."}, {"answer_type": "other", "img_id": "COCO_train2014_000000157260", "label": {"black": 0.3, "red": 1}, "question_id": 157260008, "question_type": "what color is", "sent": "What color is motorcycle?", "caption": "A narrow city street with a red motorcycle and gray cars."}, {"answer_type": "other", "img_id": "COCO_train2014_000000475735", "label": {"black": 1}, "question_id": 475735010, "question_type": "what color is", "sent": "What color is his outfit?", "caption": "A man in black shirt and shorts playing frisbee in lawn."}, {"answer_type": "other", "img_id": "COCO_train2014_000000135372", "label": {"black": 1}, "question_id": 135372003, "question_type": "what color is", "sent": "What color is this vehicle?", "caption": "A black truck parked in a driveway next to a green tree."}, {"answer_type": "other", "img_id": "COCO_train2014_000000528621", "label": {"black": 0.6, "blue": 1, "blue and black": 0.3}, "question_id": 528621000, "question_type": "what color is", "sent": "What color is his jacket?", "caption": "a man in blue jumping down a snowy hill next to some trees "}, {"answer_type": "other", "img_id": "COCO_train2014_000000528657", "label": {"brushing his teeth": 0.9, "brushing teeth": 1}, "question_id": 528657002, "question_type": "what is the man", "sent": "What is the man doing?", "caption": "a reflection in the mirror of a person brushing his teeth"}, {"answer_type": "other", "img_id": "COCO_train2014_000000432233", "label": {"frisbee": 1}, "question_id": 432233001, "question_type": "what is the man", "sent": "What is the man throwing?", "caption": "A group of people playing a game of Frisbee at a park."}, {"answer_type": "other", "img_id": "COCO_train2014_000000266556", "label": {"leaning": 0.3, "riding": 0.3, "skiing": 0.9, "snowboarding": 0.3}, "question_id": 266556005, "question_type": "what is the man", "sent": "What is the man doing on the skis?", "caption": "a person snowboading down part of a hill "}, {"answer_type": "other", "img_id": "COCO_train2014_000000528713", "label": {"nothing": 0.3}, "question_id": 528713000, "question_type": "what is the man", "sent": "What is the man with the blue shirt doing?", "caption": "A person sitting on a horse, while a man hold the reigns of the horse."}, {"answer_type": "other", "img_id": "COCO_train2014_000000135508", "label": {"skateboarding": 1, "skating": 0.3}, "question_id": 135508004, "question_type": "what is the man", "sent": "What is the man doing?", "caption": "A boy skates on a skate board at a public park."}, {"answer_type": "other", "img_id": "COCO_train2014_000000397664", "label": {"bicycle": 0.6, "bike": 1, "riding bike": 0.6}, "question_id": 397664004, "question_type": "what is the man", "sent": "What is the man riding?", "caption": "A man riding a bike down a street while recklessly talking on a cell phone."}, {"answer_type": "other", "img_id": "COCO_train2014_000000397685", "label": {"pooping": 0.3, "reading": 0.6}, "question_id": 397685002, "question_type": "what is the man", "sent": "What is the man doing?", "caption": "A man is reading a book while sitting on a toilet that is on the street."}, {"answer_type": "other", "img_id": "COCO_train2014_000000528788", "label": {"camera": 1, "toothbrush": 0.9}, "question_id": 528788001, "question_type": "what is the man", "sent": "What is the man holding in his hands?", "caption": "A man holding a camera while brushing his teeth."}, {"answer_type": "other", "img_id": "COCO_train2014_000000135585", "label": {"skate": 0.3, "snowboarding": 1}, "question_id": 135585003, "question_type": "what is the man", "sent": "What is the man doing?", "caption": "A man is snowboarding in the forest."}, {"answer_type": "other", "img_id": "COCO_train2014_000000248928", "label": {"cell phone": 1, "phone": 1}, "question_id": 248928010, "question_type": "what is the man", "sent": "What is the man holding?", "caption": "An older man is holding on the phone."}, {"answer_type": "other", "img_id": "COCO_train2014_000000397777", "label": {"surfing": 1}, "question_id": 397777000, "question_type": "what is the man", "sent": "What is the man doing?", "caption": "A lady is currently surfing on the small waves. "}, {"answer_type": "other", "img_id": "COCO_train2014_000000266769", "label": {"skateboarding": 1, "skating": 0.3}, "question_id": 266769004, "question_type": "what is the man", "sent": "What is the man doing?", "caption": "a teenager doing a skateboard trick on a rail "}, {"answer_type": "other", "img_id": "COCO_train2014_000000266773", "label": {"skateboarding": 1}, "question_id": 266773001, "question_type": "what is the man", "sent": "What is the man doing?", "caption": "A man is skateboarding in the street."}, {"answer_type": "other", "img_id": "COCO_train2014_000000148551", "label": {"door": 0.3, "ground": 0.9, "pavement": 0.3, "sidewalk": 1, "street": 0.3}, "question_id": 148551005, "question_type": "what is the man", "sent": "What is the man standing on?", "caption": "A man stands on the street smoking a cigarette. "}, {"answer_type": "other", "img_id": "COCO_train2014_000000262935", "label": {"skis": 1}, "question_id": 262935002, "question_type": "what is the man", "sent": "What is the man riding?", "caption": "A man riding skis down a snow covered slope."}, {"answer_type": "other", "img_id": "COCO_train2014_000000397974", "label": {"hose": 1}, "question_id": 397974000, "question_type": "what is the man", "sent": "What is the man in the blue shirt holding?", "caption": "A man is holding a hose to water two elephants."}, {"answer_type": "other", "img_id": "COCO_train2014_000000397999", "label": {"surfing": 1}, "question_id": 397999000, "question_type": "what is the man", "sent": "What is the man doing?", "caption": "A man is surfing in the water."}, {"answer_type": "other", "img_id": "COCO_train2014_000000398025", "label": {"cell phone": 0.3, "iphone": 0.3, "phone": 1}, "question_id": 398025000, "question_type": "what is the man", "sent": "What is the man looking at?", "caption": "A man sitting on a moped looking at a cell phone."}, {"answer_type": "other", "img_id": "COCO_train2014_000000459569", "label": {"baseball bat": 0.6, "bat": 1}, "question_id": 459569004, "question_type": "what is the man", "sent": "What is the man holding?", "caption": "Baseball player holding a bat and swinging it on the playing field."}, {"answer_type": "other", "img_id": "COCO_train2014_000000267048", "label": {"coffee": 0.3, "couch": 0.3, "nothing": 1, "wall": 0.9}, "question_id": 267048002, "question_type": "what is the man", "sent": "What is the man resting his head against?", "caption": "Three people sitting on a couch, one clapping, one holding two wii controllers and another drinking from a cup. "}, {"answer_type": "other", "img_id": "COCO_train2014_000000529277", "label": {"eagle": 1}, "question_id": 529277000, "question_type": "what is on the", "sent": "What is on the man's hand?", "caption": " A man in leather vest holding an eagle on his hand."}, {"answer_type": "other", "img_id": "COCO_train2014_000000267146", "label": {"cheese": 0.3, "veggies": 0.3}, "question_id": 267146000, "question_type": "what is on the", "sent": "What is on the pizza?", "caption": "A metal pan holding a pizza with cheese and tomatoes on it."}, {"answer_type": "other", "img_id": "COCO_train2014_000000136142", "label": {"food": 1}, "question_id": 136142000, "question_type": "what is on the", "sent": "What is on the table?", "caption": "Fresh fruits, vegetables, and other foods are spread out on the table."}]