[{"answer_type": "other", "img_id": "COCO_train2014_000000262171", "label": {"boat": 0.9, "raft": 1}, "question_id": 262171002, "question_type": "what type of", "sent": "What type of watercraft is that?", "caption": "Some people on a raft are getting towed down the river."}, {"answer_type": "other", "img_id": "COCO_train2014_000000262180", "label": {"banana": 0.6, "fruit salad": 0.3, "vanilla": 1}, "question_id": 262180003, "question_type": "what type of", "sent": "What type of ice cream is on the plate?", "caption": "The chocolate dessert had some bananas on it, followed by vanilla ice cream."}, {"answer_type": "other", "img_id": "COCO_train2014_000000524338", "label": {"elm": 0.6, "maple": 0.3, "not sure": 0.3, "oak": 0.3, "trunk": 0.3, "unknown": 0.3}, "question_id": 524338001, "question_type": "what type of", "sent": "What type of tree is the man standing next to?", "caption": "Man standing beside a parking meter and elm tree in a city street. "}, {"answer_type": "other", "img_id": "COCO_train2014_000000131133", "label": {"biplane": 0.3, "don't know": 0.3, "private": 0.3, "propeller": 0.9, "small": 0.3}, "question_id": 131133001, "question_type": "what type of", "sent": "What type of plane is this?", "caption": "A small red and white single propeller plane flies near snow covered mountains "}, {"answer_type": "other", "img_id": "COCO_train2014_000000524377", "label": {"hot dog": 1, "pork": 0.3, "sausage": 0.3}, "question_id": 524377009, "question_type": "what type of", "sent": "What type of food is shown?", "caption": "A hot dog serves with fries and dip on the side."}, {"answer_type": "other", "img_id": "COCO_train2014_000000524377", "label": {"butter": 0.3, "fries": 0.3, "hot dog": 0.3, "mayo": 0.3, "mayonnaise": 0.9, "mustard": 0.3, "potato": 0.3}, "question_id": 524377020, "question_type": "what type of", "sent": "What type of filling is in the dish on the bottom left?", "caption": "A hot dog serves with fries and mayonnaise sauce on the side."}, {"answer_type": "other", "img_id": "COCO_train2014_000000393311", "label": {"cargo": 1, "commercial": 0.3, "propeller": 0.3}, "question_id": 393311003, "question_type": "what type of", "sent": "What type of plane is this?", "caption": "A series of cargo planes sits on the runway."}, {"answer_type": "other", "img_id": "COCO_train2014_000000393317", "label": {"bus": 1}, "question_id": 393317008, "question_type": "what type of", "sent": "What type of vehicle is on the left?", "caption": "A city street with cars, pedestrians, and a bus."}, {"answer_type": "other", "img_id": "COCO_train2014_000000131215", "label": {"shoes": 0.3, "sneakers": 0.3, "socks": 1, "tennis shoes": 0.3}, "question_id": 131215004, "question_type": "what type of", "sent": "What type of footwear is the person wearing?", "caption": "A man in socks sits in front of a small TV."}, {"answer_type": "other", "img_id": "COCO_train2014_000000257513", "label": {"bunk": 1}, "question_id": 257513004, "question_type": "what type of", "sent": "What type of bed is in the picture?", "caption": "Seats ingeniously converted into bunk beds on a train"}, {"answer_type": "other", "img_id": "COCO_train2014_000000393432", "label": {"cat": 1}, "question_id": 393432000, "question_type": "what type of", "sent": "What type of animal is it?", "caption": "A cat lying near some pillows on a bed."}, {"answer_type": "other", "img_id": "COCO_train2014_000000474858", "label": {"clouds": 0.3, "cumulus": 0.9, "dark": 0.3, "thin": 0.3, "white": 0.3}, "question_id": 474858021, "question_type": "what type of", "sent": "What type of clouds are visible in this photo?", "caption": "The sky was full of cumulus clouds."}, {"answer_type": "other", "img_id": "COCO_train2014_000000131366", "label": {"black and white": 1, "tennis": 0.3}, "question_id": 131366024, "question_type": "what type of", "sent": "What type of photo is this?", "caption": "a black and white picture of tennis players holding tennis racquets "}, {"answer_type": "other", "img_id": "COCO_train2014_000000196663", "label": {"red": 1, "sweet": 0.3}, "question_id": 196663001, "question_type": "what type of", "sent": "What type of potatoes are ready to cook?", "caption": "Red potatoes, some veggies, chicken and a book on the countertop."}, {"answer_type": "other", "img_id": "COCO_train2014_000000196663", "label": {"chicken": 1}, "question_id": 196663002, "question_type": "what type of", "sent": "What type of meat is shown?", "caption": "Vegetables and chicken are layed out in preparation."}, {"answer_type": "other", "img_id": "COCO_train2014_000000524625", "label": {"penne": 1, "unsure": 0.3}, "question_id": 524625000, "question_type": "what type of", "sent": "What type of pasta meal is on the table?", "caption": "a bowl of penne and some fruit and veggies."}, {"answer_type": "other", "img_id": "COCO_train2014_000000524645", "label": {"mexican": 0.3, "pasta": 0.6, "salad": 1}, "question_id": 524645001, "question_type": "what type of", "sent": "What type of food are they preparing?", "caption": "The woman in a colorful striped dress is preparing a bowl of salad."}, {"answer_type": "other", "img_id": "COCO_train2014_000000524648", "label": {"sheep": 1}, "question_id": 524648000, "question_type": "what type of", "sent": "What type of animal is on the field?", "caption": "A group of white sheep loitering in a green field."}, {"answer_type": "other", "img_id": "COCO_train2014_000000262521", "label": {"pelican": 0.3, "seagull": 1}, "question_id": 262521003, "question_type": "what type of", "sent": "What type of bird is this?", "caption": "A seagull stops beside a straw bag on the beach."}, {"answer_type": "other", "img_id": "COCO_train2014_000000398917", "label": {"cow": 1, "cows": 0.3}, "question_id": 398917002, "question_type": "what type of", "sent": "What type of animal is pictured?", "caption": "White cows laying on a steep grassy hillside."}, {"answer_type": "other", "img_id": "COCO_train2014_000000480683", "label": {"cabinet": 0.3, "kitchen": 0.3}, "question_id": 480683004, "question_type": "where are the", "sent": "Where are the tea cups?", "caption": "Kitchen with wooden cabinets with white tea cups."}, {"answer_type": "other", "img_id": "COCO_train2014_000000262688", "label": {"downhill": 0.6, "skiing": 1, "uphill": 0.3}, "question_id": 262688010, "question_type": "where are the", "sent": "Where are the boys going?", "caption": "Three people are on snow skis on flat ground."}, {"answer_type": "other", "img_id": "COCO_train2014_000000524965", "label": {"board": 0.3, "cutting board": 0.3, "on table": 0.3}, "question_id": 524965001, "question_type": "where are the", "sent": "Where are the cakes?", "caption": "A board with doughnuts, cake and cookies on it."}, {"answer_type": "other", "img_id": "COCO_train2014_000000131858", "label": {"background": 1, "colorado": 0.3, "hawaii": 0.3, "in back": 0.3}, "question_id": 131858000, "question_type": "where are the", "sent": "Where are the hills?", "caption": "The background of the field has many hills."}, {"answer_type": "other", "img_id": "COCO_train2014_000000394036", "label": {"on sink": 0.6, "shelf": 0.3, "sink": 1, "soap": 0.3}, "question_id": 394036000, "question_type": "where are the", "sent": "Where are the bottles?", "caption": "There were two bottles on the sink in the bathroom."}, {"answer_type": "other", "img_id": "COCO_train2014_000000525179", "label": {"table": 0.9}, "question_id": 525179002, "question_type": "where are the", "sent": "Where are the candles?", "caption": "A bride and groom standing by a table with a three tiered cake and candles."}, {"answer_type": "other", "img_id": "COCO_train2014_000000525266", "label": {"home": 0.3, "on sidewalk": 0.6, "sidewalk": 1}, "question_id": 525266000, "question_type": "where are the", "sent": "Where are the people walking in the picture?", "caption": "two people walking on a street side walk"}, {"answer_type": "other", "img_id": "COCO_train2014_000000394245", "label": {"baseball field": 0.3, "batter": 0.3, "dugout": 0.3, "field": 0.3, "yes": 0.9}, "question_id": 394245001, "question_type": "where are the", "sent": "Where are the people standing?", "caption": "Baseball player stands on the baseball field and swings the ball."}, {"answer_type": "other", "img_id": "COCO_train2014_000000525342", "label": {"on table": 0.3, "unsure": 0.3}, "question_id": 525342000, "question_type": "where are the", "sent": "Where are the green leaves?", "caption": "There are green leaves on the table with apples and oranges."}, {"answer_type": "other", "img_id": "COCO_train2014_000000218648", "label": {"intersection": 0.3, "side of road": 0.3}, "question_id": 218648001, "question_type": "where are the", "sent": "Where are the traffic lights?", "caption": "A large truck driving down a street between traffic lights."}, {"answer_type": "other", "img_id": "COCO_train2014_000000327913", "label": {"bridge": 0.3, "foreground": 0.3, "in street": 0.3, "on road": 0.3, "road": 0.3, "sidewalk": 0.3, "straight": 0.3}, "question_id": 327913000, "question_type": "where are the", "sent": "Where are the elephants?", "caption": "a couple of indian men riding down a road on elephants "}, {"answer_type": "other", "img_id": "COCO_train2014_000000132517", "label": {"cactus": 0.3, "in vase": 0.3, "roof": 0.3}, "question_id": 132517002, "question_type": "where are the", "sent": "Where are the plants?", "caption": "A plant inside a ceramic pot, atop a shelf"}, {"answer_type": "other", "img_id": "COCO_train2014_000000263744", "label": {"bowl": 0.9, "container": 0.3, "in bowl": 0.9, "scale": 0.3}, "question_id": 263744003, "question_type": "where are the", "sent": "Where are the fruits?", "caption": "Apples, oranges and a banana are in a bowl."}, {"answer_type": "other", "img_id": "COCO_train2014_000000524559", "label": {"bleachers": 0.9, "in stands": 0.3, "stadium": 0.3, "stands": 0.6}, "question_id": 524559000, "question_type": "where are the", "sent": "Where are the spectators?", "caption": "A tennis match with spectators in the stands."}, {"answer_type": "other", "img_id": "COCO_train2014_000000524559", "label": {"not sure": 0.3, "on right": 0.3, "right": 0.3, "right side": 0.3, "side": 0.3, "yes": 0.3}, "question_id": 524559002, "question_type": "where are the", "sent": "Where are the judges for this sport?", "caption": "To the right of the net in the middle of the field sits the judges."}, {"answer_type": "other", "img_id": "COCO_train2014_000000394874", "label": {"in water": 0.9, "river": 1, "water": 0.6}, "question_id": 394874004, "question_type": "where are the", "sent": "Where are the elephants?", "caption": "A herd of elephants walking across a stony river."}, {"answer_type": "other", "img_id": "COCO_train2014_000000523799", "label": {"in snow": 0.3, "mountain": 0.3, "up": 0.3}, "question_id": 523799001, "question_type": "where are the", "sent": "Where are the skier?", "caption": "A skier is going down a hill of raked snow."}, {"answer_type": "other", "img_id": "COCO_train2014_000000133004", "label": {"on grass": 0.3, "park": 1}, "question_id": 133004007, "question_type": "where are the", "sent": "Where are the people?", "caption": "A group of people play in the park together."}, {"answer_type": "other", "img_id": "COCO_train2014_000000264212", "label": {"bottom": 0.3, "on plate": 0.3}, "question_id": 264212002, "question_type": "where are the", "sent": "Where are the sandwiches?", "caption": "A tiered tray filled with sandwiches and desserts."}, {"answer_type": "other", "img_id": "COCO_train2014_000000133151", "label": {"background": 0.6, "backyard": 0.3, "ground": 0.3, "in background": 0.3, "outside": 0.3, "yes": 0.3}, "question_id": 133151003, "question_type": "where are the", "sent": "Where are the rocks?", "caption": "A dog sticking out its tongue with some rocks in the background."}, {"answer_type": "other", "img_id": "COCO_train2014_000000395321", "label": {"pizza": 1, "vegetable": 0.3}, "question_id": 395321002, "question_type": "what kind of", "sent": "What kind of pie is that?", "caption": "A plate of pizza topped with lots of vegetables."}, {"answer_type": "other", "img_id": "COCO_train2014_000000395347", "label": {"skateboard": 0.3, "sneakers": 1, "tennis shoes": 0.6}, "question_id": 395347001, "question_type": "what kind of", "sent": "What kind of shoes is he wearing?", "caption": "A person wearing sneakers riding a skateboard on top of cement."}, {"answer_type": "other", "img_id": "COCO_train2014_000000133234", "label": {"hummingbird": 1, "woodpecker": 0.3}, "question_id": 133234000, "question_type": "what kind of", "sent": "What kind of bird is that?", "caption": "A Hummingbird flying over a field of flowers"}, {"answer_type": "other", "img_id": "COCO_train2014_000000459118", "label": {"computer": 0.3, "computers": 1, "laptops": 0.3}, "question_id": 459118001, "question_type": "what kind of", "sent": "What kind of electronics are these?", "caption": "Group of computers sitting on top of a computer desk. "}, {"answer_type": "other", "img_id": "COCO_train2014_000000395444", "label": {"bunny": 0.6, "mouse": 0.3, "rabbit": 1}, "question_id": 395444001, "question_type": "what kind of", "sent": "What kind of animal is next to the banana?", "caption": "A rabbit lies next to a banana with \"Welcome Home Derby\" inscribed on the peel."}, {"answer_type": "other", "img_id": "COCO_train2014_000000264388", "label": {"cow": 1, "cows": 0.6}, "question_id": 264388000, "question_type": "what kind of", "sent": "What kind of animal is this?", "caption": "Several cows standing on the road and grass beside it."}, {"answer_type": "other", "img_id": "COCO_train2014_000000264396", "label": {"flat": 0.3, "train": 1}, "question_id": 264396008, "question_type": "what kind of", "sent": "What kind of bridge is in the back?", "caption": "An electric train passes over a stream on a train bridge."}, {"answer_type": "other", "img_id": "COCO_train2014_000000526542", "label": {"cross country": 0.9, "downhill": 0.3, "slide": 0.3, "slope": 0.3}, "question_id": 526542004, "question_type": "what kind of", "sent": "What kind of skiing is this?", "caption": "A man in a blue jacket cross-country skis among the trees."}, {"answer_type": "other", "img_id": "COCO_train2014_000000351352", "label": {"airplane": 0.3, "biplane": 0.3, "cessna": 0.3, "fighter": 0.3, "old": 0.3, "propeller": 0.3, "single engine": 0.3}, "question_id": 351352000, "question_type": "what kind of", "sent": "What kind of plane is flying in this picture?", "caption": "Three propeller planes flying in formation across a blue sky"}, {"answer_type": "other", "img_id": "COCO_train2014_000000526594", "label": {"zebra": 1}, "question_id": 526594001, "question_type": "what kind of", "sent": "What kind of animal is this?", "caption": "A zebra with brown stripes is grazing in a green field."}, {"answer_type": "other", "img_id": "COCO_train2014_000000518517", "label": {"nike": 0.3, "sandals": 1}, "question_id": 518517000, "question_type": "what kind of", "sent": "What kind of shoes is the child wearing?", "caption": "A little girl in sandals picks her nose outside."}, {"answer_type": "other", "img_id": "COCO_train2014_000000437297", "label": {"cloth": 0.6}, "question_id": 437297003, "question_type": "what kind of", "sent": "What kind of materials is it that makes up this red tent?", "caption": "Two people are under the tent made of cloth."}, {"answer_type": "other", "img_id": "COCO_train2014_000000395576", "label": {"evergreen": 0.3, "pine": 1}, "question_id": 395576001, "question_type": "what kind of", "sent": "What kind of trees are those?", "caption": "a woman standing on the snow with skiis between some pines."}, {"answer_type": "other", "img_id": "COCO_train2014_000000133436", "label": {"club": 0.3, "meat": 0.3, "roast beef": 0.3, "rye": 0.3}, "question_id": 133436002, "question_type": "what kind of", "sent": "What kind of sandwich is this?", "caption": "A display of a rye sandwich and a pickle on a plate."}, {"answer_type": "other", "img_id": "COCO_train2014_000000170295", "label": {"brown": 1}, "question_id": 170295003, "question_type": "what kind of", "sent": "What kind of bear is this?", "caption": "A brown bear sits on its bottom with its back again a big rock at the zoo. "}, {"answer_type": "other", "img_id": "COCO_train2014_000000264514", "label": {"beagle": 0.6, "lab": 0.3, "labrador": 0.3, "mutt": 1}, "question_id": 264514000, "question_type": "what kind of", "sent": "What kind of dog is that?", "caption": "A mutt dog and a cat are sitting next to a homeless sign."}, {"answer_type": "other", "img_id": "COCO_train2014_000000264514", "label": {"cat and dog": 0.3, "dog": 0.3, "dog and cat": 1}, "question_id": 264514001, "question_type": "what kind of", "sent": "What kind of animals are in the picture?", "caption": "A dog and a cat are lying next to the sign that says \"Please Help\"."}, {"answer_type": "other", "img_id": "COCO_train2014_000000526682", "label": {"horse": 1}, "question_id": 526682000, "question_type": "what kind of", "sent": "What kind of a ride is this?", "caption": "Two mean riding on horses through the woods."}, {"answer_type": "other", "img_id": "COCO_train2014_000000526682", "label": {"horse": 0.6, "horses": 1}, "question_id": 526682020, "question_type": "what kind of", "sent": "What kind of animals?", "caption": "People riding horses up a rocky trail with trees on both sides."}, {"answer_type": "other", "img_id": "COCO_train2014_000000264567", "label": {"leather": 1, "police": 0.3}, "question_id": 264567000, "question_type": "what kind of", "sent": "What kind of jacket is the middle person wearing?", "caption": "A group of men in leather jackets rode before the crowd."}, {"answer_type": "other", "img_id": "COCO_train2014_000000133496", "label": {"bottom right": 1}, "question_id": 133496001, "question_type": "which", "sent": "Which picture has a word?", "caption": "The picture on the bottom right is a red sign with the word stop."}, {"answer_type": "other", "img_id": "COCO_train2014_000000133505", "label": {"left": 0.3, "yellow": 1}, "question_id": 133505002, "question_type": "which", "sent": "Which motorcycle is  slightly ahead?", "caption": "There is a man on a yellow motorcycle and a man running behind him."}, {"answer_type": "other", "img_id": "COCO_train2014_000000395742", "label": {"blonde": 0.3, "orange": 0.3, "right": 0.3}, "question_id": 395742000, "question_type": "which", "sent": "Which player has the ball?", "caption": "The woman in orange on the right has the ball."}, {"answer_type": "other", "img_id": "COCO_train2014_000000536920", "label": {"1 on left": 0.6, "left": 0.9, "on right": 0.3, "right 1": 0.3}, "question_id": 536920006, "question_type": "which", "sent": "Which woman holds her shoulder strap?", "caption": "The woman on the left is holding her own shoulder strap."}, {"answer_type": "number", "img_id": "COCO_train2014_000000497642", "label": {"right": 0.6}, "question_id": 497642000, "question_type": "which", "sent": "Which elephant is the baby's mother?", "caption": "a mother elephant on right guiding her child around by her trunk."}, {"answer_type": "other", "img_id": "COCO_train2014_000000344885", "label": {"samsung": 0.6, "sony": 0.9}, "question_id": 344885003, "question_type": "which", "sent": "Which brand is the TV?", "caption": "A Samsung TV sits on a white table."}, {"answer_type": "other", "img_id": "COCO_train2014_000000395863", "label": {"chopsticks": 1, "tongs": 0.3}, "question_id": 395863000, "question_type": "which", "sent": "Which utensil is being used to eat?", "caption": "A boy and his family eat with chopsticks."}, {"answer_type": "other", "img_id": "COCO_train2014_000000395893", "label": {"bathroom": 1, "toilet": 0.3}, "question_id": 395893000, "question_type": "which", "sent": "Which room of the house is this?", "caption": "a baby holding onto a toilet seat in a bathroom"}, {"answer_type": "other", "img_id": "COCO_train2014_000000133766", "label": {}, "question_id": 133766000, "question_type": "which", "sent": "Which library does the computer belong to?", "caption": "The words \"northwest library\" are written on the computer."}, {"answer_type": "other", "img_id": "COCO_train2014_000000526987", "label": {"inside": 0.3, "left": 0.9, "man on right": 0.3, "on left": 0.3}, "question_id": 526987000, "question_type": "which", "sent": "Which man has longer sideburns?", "caption": "The man on the left has longer sideburns than the man on the right."}, {"answer_type": "other", "img_id": "COCO_train2014_000000527118", "label": {"left": 0.3, "north": 0.3, "right": 1, "west": 0.3}, "question_id": 527118002, "question_type": "which", "sent": "Which direction would you be traveling?", "caption": "A street sign that points to the right, on a light post."}, {"answer_type": "other", "img_id": "COCO_train2014_000000527118", "label": {"east": 0.3, "right": 1, "to right": 0.6}, "question_id": 527118007, "question_type": "which", "sent": "Which way is the arrow pointing?", "caption": "A street sign that points to the right, on a light post."}, {"answer_type": "other", "img_id": "COCO_train2014_000000265080", "label": {"baseball": 1}, "question_id": 265080000, "question_type": "which", "sent": "Which game is being played?", "caption": "A group of men on a field playing baseball."}, {"answer_type": "other", "img_id": "COCO_train2014_000000134111", "label": {"black": 0.3, "black and white": 0.9, "black white": 0.3, "on right": 0.3}, "question_id": 134111005, "question_type": "which", "sent": "Which kite is closest to the right?", "caption": "The kite on the far right is black and white."}, {"answer_type": "other", "img_id": "COCO_train2014_000000134185", "label": {"down": 1, "on ground": 0.3, "southwest": 0.3}, "question_id": 134185001, "question_type": "which", "sent": "Which direction is sign pointing?", "caption": "The roadside sign points down."}, {"answer_type": "other", "img_id": "COCO_train2014_000000265324", "label": {"bathroom": 1}, "question_id": 265324001, "question_type": "which", "sent": "Which room is depicted in the picture?", "caption": "An overview of a bathroom with a vanity and a spa tub."}, {"answer_type": "other", "img_id": "COCO_train2014_000000396421", "label": {"kitchen": 1}, "question_id": 396421003, "question_type": "which", "sent": "Which room is it?", "caption": "A small kitchen with a sink, coffee maker and a stove."}, {"answer_type": "other", "img_id": "COCO_train2014_000000265353", "label": {"boy": 0.9, "man": 0.6, "neither": 0.3, "player": 0.3}, "question_id": 265353002, "question_type": "which", "sent": "Which person is wearing a striped shirt?", "caption": "A boy wearing a striped shirt on the field playing with a frisbee."}, {"answer_type": "other", "img_id": "COCO_train2014_000000134389", "label": {"bathroom": 1}, "question_id": 134389001, "question_type": "which", "sent": "Which room is this?", "caption": "BATHROOM WITH ONE SINK  A LARGE BLACK MIRROR AND GRANITE COUNTER TOP"}, {"answer_type": "other", "img_id": "COCO_train2014_000000131638", "label": {"bedroom": 1}, "question_id": 131638000, "question_type": "which", "sent": "Which room is this?", "caption": "a bedroom with a ceiling fan and another fan by the door "}, {"answer_type": "yes/no", "img_id": "COCO_train2014_000000175341", "label": {"no": 0.6, "yes": 1}, "question_id": 175341007, "question_type": "do", "sent": "Do the flowers come from a garden?", "caption": "a vase of purple flowers in the sunlight"}, {"answer_type": "yes/no", "img_id": "COCO_train2014_000000134624", "label": {"yes": 1}, "question_id": 134624000, "question_type": "do", "sent": "Do people live here?", "caption": "A lush green countryside with lots of animals grazing on it's green grass."}, {"answer_type": "yes/no", "img_id": "COCO_train2014_000000113599", "label": {"no": 0.3, "yes": 1}, "question_id": 113599003, "question_type": "do", "sent": "Do some of the edges look burnt?", "caption": "A chicken parmesan pizza was slightly burnt around the edges."}, {"answer_type": "yes/no", "img_id": "COCO_train2014_000000134825", "label": {"yes": 1}, "question_id": 134825001, "question_type": "do", "sent": "Do her gloves match the umbrella?", "caption": "Someone is holding a pink umbrella in pink gloves."}, {"answer_type": "yes/no", "img_id": "COCO_train2014_000000528157", "label": {"no": 0.3, "yes": 1}, "question_id": 528157002, "question_type": "do", "sent": "Do all the children have controls in their hands?", "caption": "several people play video games with remote controls"}, {"answer_type": "yes/no", "img_id": "COCO_train2014_000000528165", "label": {"yes": 1}, "question_id": 528165002, "question_type": "do", "sent": "Do these animals eat grass?", "caption": "Goats and a sheep sharing a green pasture."}, {"answer_type": "yes/no", "img_id": "COCO_train2014_000000497698", "label": {"no": 1}, "question_id": 497698008, "question_type": "do", "sent": "Do any of these kitchen appliances appear to be in use at the time of the photo?", "caption": "There are ingredients and unused kitchen utensils on the table."}, {"answer_type": "yes/no", "img_id": "COCO_train2014_000000266442", "label": {"yes": 1}, "question_id": 266442005, "question_type": "do", "sent": "Do these animals travel in herds?", "caption": "There are two giraffe in the forest looking at something."}, {"answer_type": "yes/no", "img_id": "COCO_train2014_000000266461", "label": {"no": 0.6, "yes": 1}, "question_id": 266461000, "question_type": "do", "sent": "Do any of the windows have shutters?", "caption": "The building has windows with shutters."}, {"answer_type": "yes/no", "img_id": "COCO_train2014_000000528667", "label": {"no": 1, "yes": 0.3}, "question_id": 528667006, "question_type": "do", "sent": "Do the glasses need to be filled?", "caption": "people sitting around a table with glasses full of drinks"}, {"answer_type": "yes/no", "img_id": "COCO_train2014_000000266533", "label": {"no": 1}, "question_id": 266533001, "question_type": "do", "sent": "Do the girls' jacket and umbrella match?", "caption": "A man in a brown dress sits under a large umbrella with a floral pattern."}, {"answer_type": "yes/no", "img_id": "COCO_train2014_000000528707", "label": {"no": 1}, "question_id": 528707000, "question_type": "do", "sent": "Do both elephants have people riding them?", "caption": "The chair on an elephant is empty."}, {"answer_type": "yes/no", "img_id": "COCO_train2014_000000266600", "label": {"yes": 1}, "question_id": 266600000, "question_type": "do", "sent": "Do horses eat apples?", "caption": "Two men standing next to a horse in a field"}, {"answer_type": "yes/no", "img_id": "COCO_train2014_000000127100", "label": {"no": 1, "yes": 0.6}, "question_id": 127100013, "question_type": "do", "sent": "Do more people drive motorcycles than cars?", "caption": "A motorcycle and many cars on the street."}, {"answer_type": "yes/no", "img_id": "COCO_train2014_000000528994", "label": {"no": 0.3, "yes": 1}, "question_id": 528994003, "question_type": "do", "sent": "Do a lot of these people skateboard?", "caption": "A group of kids standing next to each other with skateboards."}, {"answer_type": "yes/no", "img_id": "COCO_train2014_000000529016", "label": {"no": 0.3, "yes": 1}, "question_id": 529016002, "question_type": "do", "sent": "Do they both need to lose weight?", "caption": "A fat couple poses for a photo in the lobby."}, {"answer_type": "yes/no", "img_id": "COCO_train2014_000000529352", "label": {"yes": 1}, "question_id": 529352002, "question_type": "do", "sent": "Do the students have laptops?", "caption": "Many students are on their laptops during the presentation "}, {"answer_type": "yes/no", "img_id": "COCO_train2014_000000267435", "label": {"no": 1, "yes": 0.6}, "question_id": 267435000, "question_type": "do", "sent": "Do the men appear to be at a party?", "caption": "Two men are at a table with bread and coffee."}, {"answer_type": "yes/no", "img_id": "COCO_train2014_000000459643", "label": {"1": 0.3, "yes": 1}, "question_id": 459643002, "question_type": "do", "sent": "Do either of the cats have stripes?", "caption": "A striped cat and a black cat lie side by side."}, {"answer_type": "yes/no", "img_id": "COCO_train2014_000000459643", "label": {"yes": 1}, "question_id": 459643003, "question_type": "do", "sent": "Do the cats like each other?", "caption": "Two cats snuggled up and dozed off."}, {"answer_type": "other", "img_id": "COCO_train2014_000000267978", "label": {"eiffel tower": 1}, "question_id": 267978001, "question_type": "what is the name", "sent": "What is the name of the tower?", "caption": "A brown bear standing next to a miniature Eiffel tower."}, {"answer_type": "other", "img_id": "COCO_train2014_000000399191", "label": {"salad": 1, "vegetable": 0.3}, "question_id": 399191015, "question_type": "what is the name", "sent": "What is the name of the dish being served?", "caption": "A wooden table with a plate of vegetable salad."}, {"answer_type": "other", "img_id": "COCO_train2014_000000530433", "label": {"london": 0.3, "marina": 0.3, "no": 0.3}, "question_id": 530433001, "question_type": "what is the name", "sent": "What is the name of the town on the bus marquee?", "caption": "Double decker bus, Brishton Marina 7, on street cleared of snow."}, {"answer_type": "other", "img_id": "COCO_train2014_000000399489", "label": {}, "question_id": 399489010, "question_type": "what is the name", "sent": "What is the name of the restaurant?", "caption": "An ice cream shop called soda-candy on the street of the town."}, {"answer_type": "other", "img_id": "COCO_train2014_000000530655", "label": {"continental": 1}, "question_id": 530655003, "question_type": "what is the name", "sent": "What is the name of this airline?", "caption": "A plane called the continental is flying high in the sky."}, {"answer_type": "other", "img_id": "COCO_train2014_000000268642", "label": {"barn": 0.3, "lighthouse": 1, "tower": 0.3}, "question_id": 268642000, "question_type": "what is the name", "sent": "What is the name of the building with the red tower?", "caption": "The light house is white and red near the house. "}, {"answer_type": "other", "img_id": "COCO_train2014_000000530972", "label": {}, "question_id": 530972012, "question_type": "what is the name", "sent": "What is the name of the bus company?", "caption": "a Spritztour - Reisen tour bus drives along a road as a man inside talks on a microphone"}, {"answer_type": "other", "img_id": "COCO_train2014_000000531266", "label": {"soccer": 1}, "question_id": 531266002, "question_type": "what is the name", "sent": "What is the name of the game these men are playing?", "caption": "Men on two different teams playing soccer on a green field"}, {"answer_type": "other", "img_id": "COCO_train2014_000000502153", "label": {"chevrolet": 1}, "question_id": 502153001, "question_type": "what is the name", "sent": "What is the name of his truck?", "caption": "A blue Chevrolet truck driving down a small town road."}, {"answer_type": "other", "img_id": "COCO_train2014_000000400475", "label": {"equestrian": 0.6, "horse": 0.3, "horse racing": 0.3, "racing": 0.6}, "question_id": 400475005, "question_type": "what is the name", "sent": "What is the name of the sport demonstrated here?", "caption": "In equestrian events, the jockey rides in a cart drawn by a single horse."}, {"answer_type": "other", "img_id": "COCO_train2014_000000531831", "label": {}, "question_id": 531831003, "question_type": "what is the name", "sent": "What is the name of the books?", "caption": "A set of books that read \"TINTIN\" on the side of the box set."}, {"answer_type": "other", "img_id": "COCO_train2014_000000400940", "label": {"park": 1}, "question_id": 400940011, "question_type": "what is the name", "sent": "What is the name of the Avenue?", "caption": "A view of a one way sign, traffic light and Park Avenue Sign."}, {"answer_type": "other", "img_id": "COCO_train2014_000000401251", "label": {"billabong": 0.3, "shorts": 0.3, "swim trunks": 0.6, "swimsuit": 0.3, "trunks": 0.3}, "question_id": 401251006, "question_type": "what is the name", "sent": "What is the name of the outfit the man is wearing?", "caption": " A man in swim trunks surfing in the blue water. "}, {"answer_type": "other", "img_id": "COCO_train2014_000000532333", "label": {"paris": 0.3}, "question_id": 532333001, "question_type": "what is the name", "sent": "What is the name of the airline?", "caption": "A small Air Paris aircraft parked in an airport hangar."}, {"answer_type": "other", "img_id": "COCO_train2014_000000401477", "label": {"kayaking": 0.6, "surfing": 1}, "question_id": 401477011, "question_type": "what is the name", "sent": "What is the name of this sport?", "caption": "a large body of water with people paddling on surf boards"}, {"answer_type": "other", "img_id": "COCO_train2014_000000240331", "label": {"nathan's": 1}, "question_id": 240331001, "question_type": "what is the name", "sent": "What is the name of the hot dog shop?", "caption": "a small boy eating a hot dog from Nathan's Hot Dog."}, {"answer_type": "other", "img_id": "COCO_train2014_000000329105", "label": {"stop": 1, "stop sign": 0.3}, "question_id": 329105004, "question_type": "what is the name", "sent": "What is the name that appears on the left side of the clock in red?", "caption": "This is a Stop sign and no right turn sign pictured at night."}, {"answer_type": "other", "img_id": "COCO_train2014_000000401838", "label": {"bed": 0.3}, "question_id": 401838001, "question_type": "what is the name", "sent": "What is the name of this store?", "caption": "The Bed and Mattress Store, with a sidewalk and tree outside it."}, {"answer_type": "other", "img_id": "COCO_train2014_000000402386", "label": {}, "question_id": 402386000, "question_type": "what is the name", "sent": "What is the name of the street?", "caption": "A street sign that has directions to \"shortland\" st."}, {"answer_type": "other", "img_id": "COCO_train2014_000000402689", "label": {}, "question_id": 402689001, "question_type": "what is the name", "sent": "What is the name of the shop?", "caption": "Two women hold umbrellas outside a Cartier store."}, {"answer_type": "yes/no", "img_id": "COCO_train2014_000000271736", "label": {"no": 1, "yes": 0.3}, "question_id": 271736000, "question_type": "is this an", "sent": "Is this an unusual photo?", "caption": "A generic photo of food."}, {"answer_type": "other", "img_id": "COCO_train2014_000000271763", "label": {"indoor": 1, "outdoor": 0.9, "yes": 0.3}, "question_id": 271763000, "question_type": "is this an", "sent": "Is this an indoor or outdoor scene?", "caption": "A large locomotive train sitting stationary at a station."}, {"answer_type": "yes/no", "img_id": "COCO_train2014_000000270925", "label": {"old": 0.3, "yes": 1}, "question_id": 270925003, "question_type": "is this an", "sent": "Is this an old image?", "caption": "A Victorian photo of a London policeman watching carriage traffic as women with parasols promenade on the pavement."}, {"answer_type": "yes/no", "img_id": "COCO_train2014_000000140867", "label": {"no": 1}, "question_id": 140867007, "question_type": "is this an", "sent": "Is this an oriental shop?", "caption": "A family photo on the sofa in a living room."}, {"answer_type": "yes/no", "img_id": "COCO_train2014_000000373045", "label": {"yes": 1}, "question_id": 373045007, "question_type": "is this an", "sent": "Is this an express train?", "caption": "A express train at an outdoor station, next to a passenger platform."}, {"answer_type": "yes/no", "img_id": "COCO_train2014_000000272365", "label": {"no": 1}, "question_id": 272365000, "question_type": "is this an", "sent": "Is this an official baseball game?", "caption": "Guy swinging a baseball bat in the park."}, {"answer_type": "yes/no", "img_id": "COCO_train2014_000000534578", "label": {"no": 0.6, "yes": 1}, "question_id": 534578002, "question_type": "is this an", "sent": "Is this an American street sign?", "caption": "The name of this street is Western Ave. 600. S."}, {"answer_type": "yes/no", "img_id": "COCO_train2014_000000534579", "label": {"no": 0.3, "not sure": 0.3, "yes": 1}, "question_id": 534579001, "question_type": "is this an", "sent": "Is this an air conditioned bus?", "caption": "An air conditioned  bus parked at a bus stop filled with passengers."}, {"answer_type": "other", "img_id": "COCO_train2014_000000534655", "label": {}, "question_id": 534655001, "question_type": "is this an", "sent": "Is this an ocean or water park?", "caption": "a surfer in a wet suit surfing in a canal"}, {"answer_type": "yes/no", "img_id": "COCO_train2014_000000154667", "label": {"yes": 1}, "question_id": 154667000, "question_type": "is this an", "sent": "Is this an advertisement?", "caption": "The advertisement shows a man surfing the waves with a paddle."}, {"answer_type": "yes/no", "img_id": "COCO_train2014_000000534889", "label": {"no": 1, "yes": 0.6}, "question_id": 534889000, "question_type": "is this an", "sent": "Is this an individual sport?", "caption": "A young man playing a game of tennis as a crowd watches."}, {"answer_type": "yes/no", "img_id": "COCO_train2014_000000141988", "label": {"yes": 1}, "question_id": 141988013, "question_type": "is this an", "sent": "Is this an indoor table?", "caption": "Two women sitting indoors at a table with pizza."}, {"answer_type": "yes/no", "img_id": "COCO_train2014_000000273184", "label": {"no": 1}, "question_id": 273184000, "question_type": "is this an", "sent": "Is this an office?", "caption": "A laptop, and mouse are on a wooden dining table."}, {"answer_type": "yes/no", "img_id": "COCO_train2014_000000142352", "label": {"no": 0.6, "yes": 1}, "question_id": 142352001, "question_type": "is this an", "sent": "Is this an all girl sport?", "caption": "A GROUP OF GIRLS ARE PLAYING SOCCER ON THE FIELD "}, {"answer_type": "yes/no", "img_id": "COCO_train2014_000000273425", "label": {"no": 1, "yes": 1}, "question_id": 273425003, "question_type": "is this an", "sent": "Is this an appropriate place to practice this trick?", "caption": "Young man balancing on an outside stair railing."}, {"answer_type": "other", "img_id": "COCO_train2014_000000142481", "label": {"adult": 1}, "question_id": 142481014, "question_type": "is this an", "sent": "Is this an adult or child?", "caption": "A woman is working on a craft project at her desk. "}, {"answer_type": "yes/no", "img_id": "COCO_train2014_000000142674", "label": {"no": 1}, "question_id": 142674002, "question_type": "is this an", "sent": "Is this an officially designated skate park?", "caption": "A woman sitting on a bench on a sidewalk."}, {"answer_type": "yes/no", "img_id": "COCO_train2014_000000274250", "label": {"yes": 1}, "question_id": 274250001, "question_type": "is this an", "sent": "Is this an outdoor photo?", "caption": "Two children and an elephant are playing by the river."}, {"answer_type": "yes/no", "img_id": "COCO_train2014_000000191879", "label": {"yes": 1}, "question_id": 191879005, "question_type": "is this an", "sent": "Is this an elderly man?", "caption": "An older man is sitting on a bench not far from the water."}, {"answer_type": "yes/no", "img_id": "COCO_train2014_000000536575", "label": {"yes": 1}, "question_id": 536575002, "question_type": "is this an", "sent": "Is this an office?", "caption": "An office area with a desk, office chair, papers, computer equipment, cell phone, remote control, a wristwatch, bottle fo water and office supplies all on the desk."}, {"answer_type": "other", "img_id": "COCO_train2014_000000242361", "label": {"red": 1}, "question_id": 242361017, "question_type": "what is the color of the", "sent": "What is the color of the uniform of the guy holding the frisbee?", "caption": "A man in a red suit holds a Frisbee."}, {"answer_type": "other", "img_id": "COCO_train2014_000000274537", "label": {"black": 1}, "question_id": 274537003, "question_type": "what is the color of the", "sent": "What is the color of the mouse?", "caption": "A cat sits beside a blake mouse laying on a table."}, {"answer_type": "other", "img_id": "COCO_train2014_000000441232", "label": {"beige": 0.3, "white": 1}, "question_id": 441232001, "question_type": "what is the color of the", "sent": "What is the color of the wall?", "caption": "A bathroom is tan and white in color and it has a tub and shower."}, {"answer_type": "other", "img_id": "COCO_train2014_000000417218", "label": {"red": 1}, "question_id": 417218002, "question_type": "what is the color of the", "sent": "What is the color of the umbrella?", "caption": "A red umbrella and red table clothed tables"}, {"answer_type": "other", "img_id": "COCO_train2014_000000537393", "label": {"brown": 0.3, "brown and white": 1}, "question_id": 537393002, "question_type": "what is the color of the", "sent": "What is the color of the giraffe?", "caption": "Brown and white giraffe under the wooden structure."}, {"answer_type": "other", "img_id": "COCO_train2014_000000537501", "label": {"red": 1}, "question_id": 537501000, "question_type": "what is the color of the", "sent": "What is the color of the closets SUV?", "caption": "There is a red SUV on the street."}, {"answer_type": "other", "img_id": "COCO_train2014_000000264350", "label": {"white": 1}, "question_id": 264350000, "question_type": "what is the color of the", "sent": "What is the color of the shorts he's wearing?", "caption": "A man in white shorts holding a tennis racket on a tennis court. "}, {"answer_type": "other", "img_id": "COCO_train2014_000000537596", "label": {"red": 0.3, "white": 1}, "question_id": 537596004, "question_type": "what is the color of the", "sent": "What is the color of the box under the table?", "caption": "There are white boxes on the underside of the desk in the room."}, {"answer_type": "other", "img_id": "COCO_train2014_000000133329", "label": {"beige": 0.3, "white": 1}, "question_id": 133329004, "question_type": "what is the color of the", "sent": "What is the color of the towel on the tub?", "caption": "A white towel was draped over the bathtub."}, {"answer_type": "other", "img_id": "COCO_train2014_000000275839", "label": {"green": 1}, "question_id": 275839003, "question_type": "what is the color of the", "sent": "What is the color of the grass?", "caption": "Baseball player doing throwing action on green grass."}, {"answer_type": "other", "img_id": "COCO_train2014_000000144816", "label": {"white": 1, "white and red": 0.6}, "question_id": 144816000, "question_type": "what is the color of the", "sent": "What is the color of the train?", "caption": "A grey and red train in an underground tunnel area."}, {"answer_type": "other", "img_id": "COCO_train2014_000000407047", "label": {"white": 1}, "question_id": 407047002, "question_type": "what is the color of the", "sent": "What is the color of the visor?", "caption": "A woman in a white visor leans over and holds a tennis racket."}, {"answer_type": "other", "img_id": "COCO_train2014_000000275997", "label": {"brown": 1, "maroon": 0.3, "red": 0.3}, "question_id": 275997006, "question_type": "what is the color of the", "sent": "What is the color of the drawers?", "caption": "Wooden cabinet with brown drawers in the room."}, {"answer_type": "other", "img_id": "COCO_train2014_000000170309", "label": {"pink": 0.3, "red": 1}, "question_id": 170309002, "question_type": "what is the color of the", "sent": "What is the color of the suitcase?", "caption": "a red and pink suitcase and a red and white back packs"}, {"answer_type": "other", "img_id": "COCO_train2014_000000407372", "label": {"gray": 1}, "question_id": 407372011, "question_type": "what is the color of the", "sent": "What is the color of the elephants?", "caption": "a number of gray elephants walking in a field of green grass."}, {"answer_type": "other", "img_id": "COCO_train2014_000000538480", "label": {"beige": 0.3, "blue": 1}, "question_id": 538480002, "question_type": "what is the color of the", "sent": "What is the color of the wall?", "caption": "a bathroom with toilet and sink and blue wall"}, {"answer_type": "other", "img_id": "COCO_train2014_000000373750", "label": {"pink": 0.3, "red": 1, "red and green": 0.3}, "question_id": 373750002, "question_type": "what is the color of the", "sent": "What is the color of the girl's hair?", "caption": "A girl with red hair holding a baseball glove at a game."}, {"answer_type": "other", "img_id": "COCO_train2014_000000538609", "label": {"brown": 1}, "question_id": 538609002, "question_type": "what is the color of the", "sent": "What is the color of the tissue box?", "caption": "Brown tissue box on desk in office cubicle."}, {"answer_type": "other", "img_id": "COCO_train2014_000000541293", "label": {"blue": 1}, "question_id": 541293000, "question_type": "what is the color of the", "sent": "What is the color of the curtain?", "caption": "There are blue curtains beside the bed."}, {"answer_type": "other", "img_id": "COCO_train2014_000000407770", "label": {"black": 0.3, "black and blue": 0.3, "black and white": 0.3, "purple": 0.3, "red": 0.3, "red and blue": 0.3}, "question_id": 407770057, "question_type": "what is the color of the", "sent": "What is the color of the clothes she is wearing?", "caption": "A man in gray and a woman in purple play the Nintendo Wii."}, {"answer_type": "other", "img_id": "COCO_train2014_000000407810", "label": {"frisbee": 1}, "question_id": 407810003, "question_type": "what sport is", "sent": "What sport is being played?", "caption": "A man in white shirt holding two frisbees."}, {"answer_type": "other", "img_id": "COCO_train2014_000000145809", "label": {"skiing": 1, "snowboarding": 0.6}, "question_id": 145809000, "question_type": "what sport is", "sent": "What sport is shown?", "caption": "a group of people getting ready to ski"}, {"answer_type": "other", "img_id": "COCO_train2014_000000407974", "label": {"soccer": 0.3, "volleyball": 1}, "question_id": 407974002, "question_type": "what sport is", "sent": "What sport is this?", "caption": "a number of people on a beach playing soccer"}, {"answer_type": "other", "img_id": "COCO_train2014_000000277085", "label": {"surfing": 1}, "question_id": 277085004, "question_type": "what sport is", "sent": "What sport is he doing?", "caption": "The person is surfing through a wave as a bird flies past."}, {"answer_type": "other", "img_id": "COCO_train2014_000000539247", "label": {"baseball": 0.3, "frisbee": 1}, "question_id": 539247004, "question_type": "what sport is", "sent": "What sport is the boy playing?", "caption": "A trio of kids play Frisbee in a grassy area near a white house."}, {"answer_type": "other", "img_id": "COCO_train2014_000000439402", "label": {"frisbee": 1}, "question_id": 439402000, "question_type": "what sport is", "sent": "What sport is this?", "caption": "Two men playing frisbee in a large field"}, {"answer_type": "other", "img_id": "COCO_train2014_000000539270", "label": {"baseball": 1}, "question_id": 539270002, "question_type": "what sport is", "sent": "What sport is being played?", "caption": "Three men playing baseball in the middle of a baseball field. "}, {"answer_type": "other", "img_id": "COCO_train2014_000000408239", "label": {"baseball": 0.3, "tennis": 1}, "question_id": 408239002, "question_type": "what sport is", "sent": "What sport is this?", "caption": "a male in a blue shirt is playing tennis"}, {"answer_type": "other", "img_id": "COCO_train2014_000000277237", "label": {"tennis": 1}, "question_id": 277237002, "question_type": "what sport is", "sent": "What sport is this?", "caption": "A man swings for a ball in a tennis game"}, {"answer_type": "other", "img_id": "COCO_train2014_000000539493", "label": {"skiing": 1}, "question_id": 539493001, "question_type": "what sport is", "sent": "What sport is this?", "caption": "A man is skiing in an area with a view of mountains."}, {"answer_type": "other", "img_id": "COCO_train2014_000000539493", "label": {"skiing": 1}, "question_id": 539493004, "question_type": "what sport is", "sent": "What sport is the woman participating in?", "caption": "A man riding skis on top of a snow covered slope."}, {"answer_type": "other", "img_id": "COCO_train2014_000000408526", "label": {"tennis": 1}, "question_id": 408526001, "question_type": "what sport is", "sent": "What sport is he playing?", "caption": "A man in black pants and a white shirt playing tennis"}, {"answer_type": "other", "img_id": "COCO_train2014_000000539617", "label": {"skiing": 1}, "question_id": 539617001, "question_type": "what sport is", "sent": "What sport is shown?", "caption": "a female skiing down a snow covered hill"}, {"answer_type": "other", "img_id": "COCO_train2014_000000146454", "label": {"kitesurfing": 0.6, "parasailing": 0.9, "windsurfing": 0.9}, "question_id": 146454003, "question_type": "what sport is", "sent": "What sport is this called?", "caption": "A person wearing a wet suit is para sailing."}, {"answer_type": "other", "img_id": "COCO_train2014_000000146469", "label": {"skiing": 0.3, "snowboard": 0.3, "snowboarding": 1}, "question_id": 146469001, "question_type": "what sport is", "sent": "What sport is shown?", "caption": "Three people snowboarding on a snowy slope. "}, {"answer_type": "other", "img_id": "COCO_train2014_000000408718", "label": {"tennis": 1}, "question_id": 408718001, "question_type": "what sport is", "sent": "What sport is this?", "caption": "Two people play tennis on the tennis court."}, {"answer_type": "other", "img_id": "COCO_train2014_000000277709", "label": {"tennis": 1}, "question_id": 277709001, "question_type": "what sport is", "sent": "What sport is this person playing?", "caption": "A man is playing a game of tennis."}, {"answer_type": "other", "img_id": "COCO_train2014_000000391237", "label": {"tennis": 1}, "question_id": 391237004, "question_type": "what sport is", "sent": "What sport is this?", "caption": "a couple of people that are playing tennis on a court"}, {"answer_type": "other", "img_id": "COCO_train2014_000000539924", "label": {"skiing": 1}, "question_id": 539924003, "question_type": "what sport is", "sent": "What sport is this man participating in?", "caption": "A person skiing with the ski lift behind them."}, {"answer_type": "other", "img_id": "COCO_train2014_000000539930", "label": {"baseball": 1}, "question_id": 539930003, "question_type": "what sport is", "sent": "What sport is this?", "caption": "A baseball player holding a bat during a game."}, {"answer_type": "other", "img_id": "COCO_train2014_000000408965", "label": {"airplane": 0.3, "city": 1, "planes": 0.3}, "question_id": 408965003, "question_type": "what are", "sent": "What are they flying over?", "caption": "An airplane flying in the air above a city."}, {"answer_type": "other", "img_id": "COCO_train2014_000000277956", "label": {"frisbee": 1, "yes": 0.3}, "question_id": 277956001, "question_type": "what are", "sent": "What are they both holding?", "caption": "A woman sits on the ground in front of a baby holding a flying disc. "}, {"answer_type": "other", "img_id": "COCO_train2014_000000540110", "label": {"fruit": 0.3, "hay": 0.3, "human": 0.3, "man": 0.3, "nothing": 0.6, "people": 1}, "question_id": 540110001, "question_type": "what are", "sent": "What are they putting on the truck?", "caption": "A man riding on the flatbed on a truck driving down a road."}, {"answer_type": "other", "img_id": "COCO_train2014_000000146959", "label": {"jets": 1, "planes": 1}, "question_id": 146959001, "question_type": "what are", "sent": "What are in the air?", "caption": "Five jets flying in formation in the blue skies."}, {"answer_type": "other", "img_id": "COCO_train2014_000000409120", "label": {"knee pads": 1}, "question_id": 409120005, "question_type": "what are", "sent": "What are on the man's lower legs?", "caption": "The man with the skateboard has knee pads on his lower legs."}, {"answer_type": "other", "img_id": "COCO_train2014_000000540205", "label": {"skateboarding": 1, "skating": 0.3}, "question_id": 540205001, "question_type": "what are", "sent": "What are they doing?", "caption": "Two people skateboarding in an empty parking lot."}, {"answer_type": "other", "img_id": "COCO_train2014_000000409227", "label": {"grass": 1, "hay": 1}, "question_id": 409227006, "question_type": "what are", "sent": "What are they eating?", "caption": "A couple of zebras that are eating some hay. "}, {"answer_type": "other", "img_id": "COCO_train2014_000000147283", "label": {"kite": 0.3, "kites": 1}, "question_id": 147283003, "question_type": "what are", "sent": "What are in the air?", "caption": "There are many kite paragliders in the sky."}, {"answer_type": "other", "img_id": "COCO_train2014_000000505152", "label": {"cooking": 1}, "question_id": 505152002, "question_type": "what are", "sent": "What are these women doing?", "caption": "Two women are cooking in the kitchen."}, {"answer_type": "other", "img_id": "COCO_train2014_000000540575", "label": {"tennis": 0.6, "video game": 0.6, "wii": 1}, "question_id": 540575001, "question_type": "what are", "sent": "What are they playing?", "caption": "Four people stand near a pool table while playing the Wii."}, {"answer_type": "other", "img_id": "COCO_train2014_000000540664", "label": {"cooking": 1, "eating": 0.3}, "question_id": 540664002, "question_type": "what are", "sent": "What are these items used for?", "caption": "Spoons and kitchen utensils for cooking on wooden stand."}, {"answer_type": "other", "img_id": "COCO_train2014_000000200003", "label": {"shoes": 1, "slippers": 0.3, "sneakers": 0.3}, "question_id": 200003003, "question_type": "what are", "sent": "What are they wearing on the feet?", "caption": "Two women in shoes with surfboards in the water."}, {"answer_type": "other", "img_id": "COCO_train2014_000000278612", "label": {"surfing": 1}, "question_id": 278612007, "question_type": "what are", "sent": "What are these people doing?", "caption": "some surfers are surfing on a sunny day"}, {"answer_type": "other", "img_id": "COCO_train2014_000000409706", "label": {"drawing": 0.6, "pictures": 0.3}, "question_id": 409706007, "question_type": "what are", "sent": "What are these people working on?", "caption": "A girl drawing in a book with a donut sitting right in front of her."}, {"answer_type": "other", "img_id": "COCO_train2014_000000147600", "label": {"looking": 0.9, "looking at camera": 0.6}, "question_id": 147600000, "question_type": "what are", "sent": "What are his eyes doing?", "caption": "A man holding a baseball bat is looking at the camera."}, {"answer_type": "other", "img_id": "COCO_train2014_000000352288", "label": {"flying kites": 1}, "question_id": 352288003, "question_type": "what are", "sent": "What are they doing?", "caption": "Large group of people in a field flying kites."}, {"answer_type": "other", "img_id": "COCO_train2014_000000147760", "label": {"ball": 1, "soccer ball": 0.9}, "question_id": 147760001, "question_type": "what are", "sent": "What are they looking at?", "caption": "Two football players of opposing teams are looking at the same ball."}, {"answer_type": "other", "img_id": "COCO_train2014_000000147772", "label": {"flying kite": 0.6, "kite": 0.9, "kite flying": 0.3, "kites": 0.6, "kiting": 0.6}, "question_id": 147772001, "question_type": "what are", "sent": "What are these people playing?", "caption": "a little boy by the beach flying a kite"}, {"answer_type": "other", "img_id": "COCO_train2014_000000147970", "label": {"frisbee": 1}, "question_id": 147970006, "question_type": "what are", "sent": "What are they playing?", "caption": "A young person playing Frisbee in a park."}, {"answer_type": "other", "img_id": "COCO_train2014_000000148002", "label": {"giraffe": 0.3, "giraffes": 1, "yes": 0.3}, "question_id": 148002001, "question_type": "what are", "sent": "What are these animals?", "caption": "Three giraffe stand in their enclosure next to a building. "}, {"answer_type": "other", "img_id": "COCO_train2014_000000541440", "label": {"nike": 1}, "question_id": 541440003, "question_type": "what brand", "sent": "What brand of headband is this man wearing?", "caption": "Man with tennis racket wears Nike headband."}, {"answer_type": "other", "img_id": "COCO_train2014_000000279479", "label": {"acer": 1}, "question_id": 279479002, "question_type": "what brand", "sent": "What brand is the laptop?", "caption": "Next to the orange cat is an acer laptop."}, {"answer_type": "other", "img_id": "COCO_train2014_000000279479", "label": {"acer": 1}, "question_id": 279479006, "question_type": "what brand", "sent": "What brand of computer is it?", "caption": "There is an acer laptop on the table."}, {"answer_type": "other", "img_id": "COCO_train2014_000000541918", "label": {}, "question_id": 541918001, "question_type": "what brand", "sent": "What brand is the surfboard?", "caption": "A person rides on a RUSTY brand surfboard."}, {"answer_type": "other", "img_id": "COCO_train2014_000000279810", "label": {"apple": 1, "iphone": 1, "motorola": 0.3, "samsung": 0.3}, "question_id": 279810000, "question_type": "what brand", "sent": "What brand of phones is this?", "caption": "Two iPhones are sitting side by side on a table."}, {"answer_type": "other", "img_id": "COCO_train2014_000000148852", "label": {"dell": 1, "google": 0.3}, "question_id": 148852000, "question_type": "what brand", "sent": "What brand is the laptop?", "caption": "There is a dell brand computer on the table."}, {"answer_type": "other", "img_id": "COCO_train2014_000000542221", "label": {"apple": 1}, "question_id": 542221001, "question_type": "what brand", "sent": "What brand of laptop is in the picture?", "caption": "The boy is looking at an Apple computer."}, {"answer_type": "other", "img_id": "COCO_train2014_000000265139", "label": {"nike": 0.3, "not possible": 0.3, "prince": 0.3, "wilson": 1}, "question_id": 265139000, "question_type": "what brand", "sent": "What brand is the men's tennis racket?", "caption": "A man with a wilson tennis racket is hitting a ball."}, {"answer_type": "other", "img_id": "COCO_train2014_000000411417", "label": {"harley": 0.3, "harley davidson": 1, "leather": 0.3}, "question_id": 411417003, "question_type": "what brand", "sent": "What brand of clothing is the dog wearing?", "caption": "A dog wearing Harley Davidson motorcycle leather sits on a motorcycle."}, {"answer_type": "other", "img_id": "COCO_train2014_000000177832", "label": {"budweiser": 1}, "question_id": 177832002, "question_type": "what brand", "sent": "What brand of beer is on the truck?", "caption": "A woman walks by a large Budweiser truck."}, {"answer_type": "other", "img_id": "COCO_train2014_000000149556", "label": {"dell": 1}, "question_id": 149556001, "question_type": "what brand", "sent": "What brand are the mice?", "caption": "Two Dell mouses that go with a computer. "}, {"answer_type": "other", "img_id": "COCO_train2014_000000543233", "label": {"starbucks": 1}, "question_id": 543233000, "question_type": "what brand", "sent": "What brand is the coffee?", "caption": "A cup of Starbucks coffee is sitting on the side of a court."}, {"answer_type": "other", "img_id": "COCO_train2014_000000281288", "label": {"sony": 1, "sony ericsson": 1}, "question_id": 281288000, "question_type": "what brand", "sent": "What brand of phone is in the bunny basket?", "caption": "a phone holder in the shape of a rabbit that holds a sony ericsson phone."}, {"answer_type": "other", "img_id": "COCO_train2014_000000543470", "label": {}, "question_id": 543470002, "question_type": "what brand", "sent": "What brand is the olive oil?", "caption": "A bottle of santangelo olive oil sits on the stove."}, {"answer_type": "other", "img_id": "COCO_train2014_000000327988", "label": {"toyota": 1}, "question_id": 327988001, "question_type": "what brand", "sent": "What brand is the truck?", "caption": "A Toyota truck is drying several items of clothing in the sun."}, {"answer_type": "other", "img_id": "COCO_train2014_000000281994", "label": {"chevy": 0.3, "ford": 1, "red and white": 0.3, "volvo": 0.3}, "question_id": 281994005, "question_type": "what brand", "sent": "What brand of truck is pictured that is red?", "caption": "A ford truck with a red cab front and a white back area."}, {"answer_type": "other", "img_id": "COCO_train2014_000000414001", "label": {"adidas": 0.3, "black": 0.3, "can't tell": 0.3, "converse": 0.3, "nike": 0.3, "vans": 0.9}, "question_id": 414001002, "question_type": "what brand", "sent": "What brand of shoes is the man wearing?", "caption": "A man wearing Vans skateboards is skateboarding."}, {"answer_type": "other", "img_id": "COCO_train2014_000000236388", "label": {"ford": 1}, "question_id": 236388001, "question_type": "what brand", "sent": "What brand of cars is being sold here?", "caption": "A bunch of different color ford trucks on display at a dealership."}, {"answer_type": "other", "img_id": "COCO_train2014_000000152294", "label": {"adidas": 1}, "question_id": 152294006, "question_type": "what brand", "sent": "What brand is the tennis player's clothes?", "caption": "A male tennis player in adidas shirt getting ready to hit the tennis ball."}, {"answer_type": "other", "img_id": "COCO_train2014_000000414738", "label": {}, "question_id": 414738001, "question_type": "what brand", "sent": "What brand of jeans is the man wearing?", "caption": "a person wearing Levi jeans is holding a toothbrush"}, {"answer_type": "other", "img_id": "COCO_train2014_000000414848", "label": {"dawn": 0.6, "dusk": 0.3, "evening": 1, "morning": 0.3}, "question_id": 414848004, "question_type": "what time", "sent": "What time of day is this?", "caption": "In evening, the setting sun seen from an industrial section of a city."}, {"answer_type": "number", "img_id": "COCO_train2014_000000414870", "label": {}, "question_id": 414870000, "question_type": "what time", "sent": "What time is it?", "caption": "A black and white sign clock, the time is 4:17."}, {"answer_type": "number", "img_id": "COCO_train2014_000000284297", "label": {"12": 0.3, "12:30": 1}, "question_id": 284297002, "question_type": "what time", "sent": "What time is shown on the clock?", "caption": "A clock in the town square reads 12:30."}, {"answer_type": "number", "img_id": "COCO_train2014_000000284324", "label": {"0": 0.3, "2:20": 1, "3:20": 0.3}, "question_id": 284324001, "question_type": "what time", "sent": "What time is it on the watch?", "caption": "The clock on the White Pagoda in front of the mountain shows 2:20."}, {"answer_type": "number", "img_id": "COCO_train2014_000000284324", "label": {"10:00": 0.3, "2:20": 1}, "question_id": 284324004, "question_type": "what time", "sent": "What time does the clock have?", "caption": "A clock tower seen in front of multi-colored trees shows 2:20."}, {"answer_type": "number", "img_id": "COCO_train2014_000000546511", "label": {"12:20": 1, "1:20": 0.3}, "question_id": 546511000, "question_type": "what time", "sent": "What time is it?", "caption": "An old clock shows 12:20 with an image of a locomotive under it."}, {"answer_type": "other", "img_id": "COCO_train2014_000000153476", "label": {"fall": 1, "halloween": 0.3}, "question_id": 153476001, "question_type": "what time", "sent": "What time of year is it?", "caption": "A bicycle parked next to many stacked pumpkins in fall."}, {"answer_type": "other", "img_id": "COCO_train2014_000000267256", "label": {"afternoon": 1, "daytime": 0.6, "noon": 0.3}, "question_id": 267256001, "question_type": "what time", "sent": "What time of day is it?", "caption": "A couple of giraffe standing on a lush green hillside in the afternoon."}, {"answer_type": "other", "img_id": "COCO_train2014_000000415659", "label": {"duck": 0.3, "dusk": 0.6, "evening": 0.9, "night": 0.6, "sunset": 0.6}, "question_id": 415659008, "question_type": "what time", "sent": "What time of day is it?", "caption": "A street sign nailed to a pole in the evening. "}, {"answer_type": "other", "img_id": "COCO_train2014_000000529126", "label": {"christmas": 1}, "question_id": 529126004, "question_type": "what time", "sent": "What time of year is this?", "caption": "Woman in a Christmas hat plays with a Wii-mote. "}, {"answer_type": "other", "img_id": "COCO_train2014_000000462517", "label": {"afternoon": 0.3, "daytime": 0.3, "evening": 0.3, "morning": 0.9, "noon": 0.6}, "question_id": 462517003, "question_type": "what time", "sent": "What time of day is it?", "caption": "an airplane is flying past a large city in the morning."}, {"answer_type": "other", "img_id": "COCO_train2014_000000156700", "label": {"afternoon": 1, "evening": 0.9, "morning": 0.6, "noon": 0.3}, "question_id": 156700032, "question_type": "what time", "sent": "What time of day is it?", "caption": "A group of people fly kites in a field in the afternoon. "}, {"answer_type": "other", "img_id": "COCO_train2014_000000156700", "label": {"afternoon": 1, "evening": 0.3, "noon": 0.6}, "question_id": 156700034, "question_type": "what time", "sent": "What time of day is it in the picture?", "caption": "A group of people that are flying kites in the grass in the afternoon. "}, {"answer_type": "other", "img_id": "COCO_train2014_000000415935", "label": {"afternoon": 1, "evening": 0.3, "middle": 0.3, "morning": 0.3}, "question_id": 415935010, "question_type": "what time", "sent": "What time of day is it?", "caption": "A child is flying a kite near a group of buildings in the afternoon. "}, {"answer_type": "number", "img_id": "COCO_train2014_000000473503", "label": {"4:55": 0.6, "5:55": 0.3}, "question_id": 473503002, "question_type": "what time", "sent": "What time is showing on the clock?", "caption": "A brick building with a clock on top showing 4:55."}, {"answer_type": "other", "img_id": "COCO_train2014_000000153824", "label": {"christmas": 1}, "question_id": 153824000, "question_type": "what time", "sent": "What time of year is?", "caption": "The family cat wants to join in during Christmas dinner"}, {"answer_type": "number", "img_id": "COCO_train2014_000000397036", "label": {"7:35": 1}, "question_id": 397036005, "question_type": "what time", "sent": "What time is it?", "caption": "A clock set in a pole on the sidewalk shows 7:35."}, {"answer_type": "number", "img_id": "COCO_train2014_000000547229", "label": {"1:50": 0.6, "2:00": 0.3}, "question_id": 547229001, "question_type": "what time", "sent": "What time is it on the clock?", "caption": "A man is smiling out of the window above a clock which shows 1:50. "}, {"answer_type": "number", "img_id": "COCO_train2014_000000416165", "label": {"1:10": 0.3, "3:10": 1}, "question_id": 416165001, "question_type": "what time", "sent": "What time is it on the clock?", "caption": "a clock tower with a white clock shows 3:10."}, {"answer_type": "other", "img_id": "COCO_train2014_000000416297", "label": {"daytime": 0.6, "lunch": 0.3, "morning": 1}, "question_id": 416297002, "question_type": "what time", "sent": "What time of day was this photo probably taken?", "caption": "A piece of toast and coffee was on the table, what looked like a breakfast."}, {"answer_type": "other", "img_id": "COCO_train2014_000000547388", "label": {"zebra": 0.3, "zebras": 1}, "question_id": 547388003, "question_type": "what are the", "sent": "What are the striped animals?", "caption": "a number of zebras eating hay near one another"}, {"answer_type": "other", "img_id": "COCO_train2014_000000154204", "label": {"suit": 0.3, "suits": 1}, "question_id": 154204001, "question_type": "what are the", "sent": "What are the men wearing?", "caption": "a pair of men in suits and tie shaking hands."}, {"answer_type": "other", "img_id": "COCO_train2014_000000547509", "label": {"bench": 1}, "question_id": 547509002, "question_type": "what are the", "sent": "What are the girls sitting on?", "caption": "Two little girls sitting on a bench at a softball game "}, {"answer_type": "other", "img_id": "COCO_train2014_000000154310", "label": {"food": 1, "grass": 0.6, "not sure": 0.3}, "question_id": 154310002, "question_type": "what are the", "sent": "What are the cows looking for?", "caption": "A herd of cows is walking on the road looking for food."}, {"answer_type": "other", "img_id": "COCO_train2014_000000154343", "label": {"pedestrians": 1, "traffic": 0.3, "yield": 0.3}, "question_id": 154343004, "question_type": "what are the", "sent": "What are the yellow signs cautioning of?", "caption": "Yellow signs on the street are pedestrian signs."}, {"answer_type": "other", "img_id": "COCO_train2014_000000154351", "label": {"balance": 1, "skiing": 0.3}, "question_id": 154351002, "question_type": "what are the", "sent": "What are the ski poles used for?", "caption": "A man stands on the snow with ski poles for balance."}, {"answer_type": "other", "img_id": "COCO_train2014_000000416521", "label": {"uniforms": 1}, "question_id": 416521002, "question_type": "what are the", "sent": "What are the men wearing?", "caption": "A group of men in uniform wearing medals. "}, {"answer_type": "other", "img_id": "COCO_train2014_000000287875", "label": {"cloudy": 1}, "question_id": 287875000, "question_type": "what are the", "sent": "What are the weather conditions?", "caption": "A red kite in the cloudy sky."}, {"answer_type": "other", "img_id": "COCO_train2014_000000416570", "label": {"olives": 1}, "question_id": 416570002, "question_type": "what are the", "sent": "What are the black objects on the pizza?", "caption": "The small pizza has black olives and red onions on it."}, {"answer_type": "other", "img_id": "COCO_train2014_000000154443", "label": {"dirt": 1, "gravel": 0.3, "ground": 0.9, "sand": 0.6}, "question_id": 154443002, "question_type": "what are the", "sent": "What are the animals standing on?", "caption": "Some zebras and some tall giraffes were standing in the dirt."}, {"answer_type": "other", "img_id": "COCO_train2014_000000416604", "label": {"carrots": 1}, "question_id": 416604005, "question_type": "what are the", "sent": "What are the orange vegetables called?", "caption": "Cauliflower and orange carrots canned with bay leaf and spices. "}, {"answer_type": "other", "img_id": "COCO_train2014_000000154465", "label": {"moving": 0.3, "on track": 0.3, "running": 0.3, "sitting": 0.6, "stopping": 0.6, "traveling": 0.3}, "question_id": 154465000, "question_type": "what are the", "sent": "What are the trains doing?", "caption": "A couple of trains traveling down train tracks near a forest."}, {"answer_type": "other", "img_id": "COCO_train2014_000000440810", "label": {"books": 1, "painting": 0.3}, "question_id": 440810002, "question_type": "what are the", "sent": "What are the objects on the shelves near the clock?", "caption": "There are some books on the shelf on the wall of the living room."}, {"answer_type": "other", "img_id": "COCO_train2014_000000416643", "label": {"collar": 0.3, "reins": 1}, "question_id": 416643000, "question_type": "what are the", "sent": "What are the horses wearing around their necks?", "caption": "A herd of horses with reins around their necks pulls a plow."}, {"answer_type": "other", "img_id": "COCO_train2014_000000156827", "label": {"eating": 0.3, "grass": 1, "yes": 0.6}, "question_id": 156827002, "question_type": "what are the", "sent": "What are the zebras eating?", "caption": "three zebras eating in a field of grass"}, {"answer_type": "other", "img_id": "COCO_train2014_000000547774", "label": {"train": 1}, "question_id": 547774001, "question_type": "what are the", "sent": "What are the people waiting for?", "caption": "People on the platform waiting to board the train."}, {"answer_type": "other", "img_id": "COCO_train2014_000000154576", "label": {"dirt": 0.3, "grass": 1, "straw": 0.3}, "question_id": 154576004, "question_type": "what are the", "sent": "What are the animals eating?", "caption": "A flock of sheep are eating grass on a hilltop with two boys."}, {"answer_type": "other", "img_id": "COCO_train2014_000000547807", "label": {"bushes": 0.3, "don't know": 0.3, "flowers": 0.6, "nature": 0.3, "plants": 0.3, "trees": 0.9}, "question_id": 547807010, "question_type": "what are the", "sent": "What are the people on the bench looking at?", "caption": "A man is sitting on a bench with an umbrella looking at a tree."}, {"answer_type": "other", "img_id": "COCO_train2014_000000154680", "label": {"pepper": 0.3, "peppers": 0.6}, "question_id": 154680003, "question_type": "what are the", "sent": "What are the green things on the sausage?", "caption": "The sliced sausage sandwich has green peppers and onions on it."}, {"answer_type": "other", "img_id": "COCO_train2014_000000419001", "label": {"benches": 1, "bleachers": 1, "chairs": 0.3}, "question_id": 419001000, "question_type": "what are the", "sent": "What are the onlookers sitting on?", "caption": "Four elephants perform for an audience seated on benches."}, {"answer_type": "yes/no", "img_id": "COCO_train2014_000000416860", "label": {"no": 1, "yes": 0.6}, "question_id": 416860002, "question_type": "does this", "sent": "Does this man look like he might be a politician?", "caption": "A guy is wearing a tie that lights up."}, {"answer_type": "yes/no", "img_id": "COCO_train2014_000000548169", "label": {"yes": 1}, "question_id": 548169000, "question_type": "does this", "sent": "Does this meal contain protein?", "caption": "A meat platter with garnish and brocclie on the side."}, {"answer_type": "yes/no", "img_id": "COCO_train2014_000000548177", "label": {"yes": 1}, "question_id": 548177002, "question_type": "does this", "sent": "Does this player have special shoes?", "caption": "Baseball pitcher in spikes ready to pitch."}]