[{"answer_type": "yes/no", "img_id": "COCO_train2014_000000393230", "label": {"no": 1}, "question_id": 393230002, "question_type": "is there a", "sent": "Is there a shadow of a tree in the foreground?", "caption": "A person on skis in the snow with trees in back."}, {"answer_type": "yes/no", "img_id": "COCO_train2014_000000131087", "label": {"yes": 1}, "question_id": 131087003, "question_type": "is there a", "sent": "Is there a body of water here?", "caption": "A dog riding a surfboard in the ocean."}, {"answer_type": "yes/no", "img_id": "COCO_train2014_000000131075", "label": {"no": 0.6, "yes": 1}, "question_id": 131075011, "question_type": "is there a", "sent": "Is there a laptop in the image?", "caption": "Open laptop on table with laptop screen projected on overhead screen."}, {"answer_type": "yes/no", "img_id": "COCO_train2014_000000131126", "label": {"no": 1, "yes": 1}, "question_id": 131126002, "question_type": "is there a", "sent": "Is there a stop sign in the picture?", "caption": "A stop sign topped by two green street signs."}, {"answer_type": "yes/no", "img_id": "COCO_train2014_000000262207", "label": {"yes": 1}, "question_id": 262207001, "question_type": "is there a", "sent": "Is there a person standing in front of the television?", "caption": "a man is standing in front of television in a living room."}, {"answer_type": "yes/no", "img_id": "COCO_train2014_000000524375", "label": {"no": 1}, "question_id": 524375007, "question_type": "is there a", "sent": "Is there a village in the background?", "caption": "Goats grazing on a grassy hillside being watched over by a herder."}, {"answer_type": "yes/no", "img_id": "COCO_train2014_000000524377", "label": {"no": 1}, "question_id": 524377015, "question_type": "is there a", "sent": "Is there a spoon in this photo?", "caption": "A hot dog on a bun with topping, a creamy sauce in a white container, and  sweet potato fries on a plate. "}, {"answer_type": "yes/no", "img_id": "COCO_train2014_000000524377", "label": {"no": 1, "yes": 0.3}, "question_id": 524377025, "question_type": "is there a", "sent": "Is there a drink in this picture?", "caption": "A hot dog, french fries, and a spread. "}, {"answer_type": "yes/no", "img_id": "COCO_train2014_000000262159", "label": {"no": 1}, "question_id": 262159000, "question_type": "is there a", "sent": "Is there a deodorant on the sink?", "caption": "Doorway view of a bathroom with sink, toilet and standup shower."}, {"answer_type": "yes/no", "img_id": "COCO_train2014_000000262159", "label": {"yes": 1}, "question_id": 262159001, "question_type": "is there a", "sent": "Is there a full roll of toilet paper in the bathroom?", "caption": "There is a full roll of toilet paper on the toilet."}, {"answer_type": "yes/no", "img_id": "COCO_train2014_000000262159", "label": {"no": 0.3, "yes": 1}, "question_id": 262159009, "question_type": "is there a", "sent": "Is there a shower curtain?", "caption": "Bathroom with toilet, sink, shower curtain and bathtub."}, {"answer_type": "yes/no", "img_id": "COCO_train2014_000000524386", "label": {"no": 1}, "question_id": 524386002, "question_type": "is there a", "sent": "Is there a fireplace?", "caption": "A television set is on in a living room area that features a gray couch, an area rug, a futon and a small table with a lamp."}, {"answer_type": "yes/no", "img_id": "COCO_train2014_000000131190", "label": {"no": 1}, "question_id": 131190001, "question_type": "is there a", "sent": "Is there a fountain in front of the building?", "caption": "A brick building surrounded by green trees."}, {"answer_type": "yes/no", "img_id": "COCO_train2014_000000524420", "label": {"yes": 1}, "question_id": 524420002, "question_type": "is there a", "sent": "Is there a dog in the photo?", "caption": "a person walking on a city street with a dog"}, {"answer_type": "yes/no", "img_id": "COCO_train2014_000000262308", "label": {"no": 1}, "question_id": 262308001, "question_type": "is there a", "sent": "Is there a fork on the plate?", "caption": "A frosted cupcake and a silver spoon sitting on a white plate."}, {"answer_type": "yes/no", "img_id": "COCO_train2014_000000524470", "label": {"yes": 1}, "question_id": 524470001, "question_type": "is there a", "sent": "Is there a street light in the photo?", "caption": "A man rides a bicycle on a street with street lights."}, {"answer_type": "yes/no", "img_id": "COCO_train2014_000000524471", "label": {"no": 0.6, "yes": 1}, "question_id": 524471002, "question_type": "is there a", "sent": "Is there a window in this scene?", "caption": "There is a window behind the electric oven that heats up on the table."}, {"answer_type": "yes/no", "img_id": "COCO_train2014_000000257513", "label": {"yes": 1}, "question_id": 257513002, "question_type": "is there a", "sent": "Is there a ladder in the picture?", "caption": "A set of bunk beds with a metal ladder."}, {"answer_type": "yes/no", "img_id": "COCO_train2014_000000131277", "label": {"yes": 1}, "question_id": 131277003, "question_type": "is there a", "sent": "Is there a man and a woman?", "caption": "A man and a woman have fun while playing a video game together. "}, {"answer_type": "yes/no", "img_id": "COCO_train2014_000000393432", "label": {"yes": 1}, "question_id": 393432002, "question_type": "is there a", "sent": "Is there a pillow present in the picture?", "caption": "Kitten sitting on pillows near a bright window."}, {"answer_type": "yes/no", "img_id": "COCO_train2014_000000524551", "label": {"yes": 1}, "question_id": 524551000, "question_type": "is it", "sent": "Is it a clear day?", "caption": "A man is skiing on a steep snow-covered slope on a clear day."}]